,0
0,3
1,9
2,8
3,0
4,4
5,6
6,3
7,6
8,5
9,1
10,8
11,9
12,5
13,6
14,1
15,8
16,0
17,0
18,8
19,6
20,4
21,0
22,0
23,1
24,4
25,6
26,4
27,2
28,1
29,6
30,6
31,5
32,2
33,6
34,9
35,7
36,4
37,9
38,1
39,5
40,0
41,6
42,3
43,6
44,0
45,9
46,5
47,8
48,4
49,6
50,9
51,7
52,6
53,5
54,8
55,8
56,2
57,8
58,9
59,2
60,7
61,3
62,4
63,9
64,3
65,2
66,1
67,8
68,3
69,8
70,3
71,5
72,8
73,8
74,0
75,2
76,9
77,1
78,3
79,1
80,8
81,5
82,1
83,0
84,0
85,9
86,0
87,8
88,8
89,9
90,9
91,6
92,8
93,6
94,7
95,3
96,6
97,0
98,2
99,7
100,4
101,4
102,6
103,6
104,9
105,1
106,6
107,6
108,8
109,5
110,6
111,2
112,4
113,4
114,9
115,4
116,0
117,2
118,6
119,5
120,8
121,4
122,9
123,2
124,0
125,1
126,8
127,5
128,4
129,9
130,4
131,1
132,9
133,7
134,1
135,2
136,9
137,7
138,6
139,1
140,2
141,2
142,3
143,3
144,8
145,0
146,3
147,6
148,5
149,9
150,9
151,0
152,8
153,0
154,3
155,5
156,5
157,9
158,3
159,0
160,0
161,1
162,7
163,6
164,0
165,7
166,8
167,6
168,7
169,9
170,9
171,0
172,1
173,8
174,9
175,9
176,8
177,3
178,3
179,0
180,0
181,7
182,6
183,0
184,5
185,8
186,6
187,6
188,9
189,0
190,4
191,3
192,5
193,5
194,7
195,6
196,8
197,0
198,3
199,0
200,3
201,9
202,8
203,0
204,1
205,5
206,9
207,5
208,7
209,8
210,3
211,1
212,8
213,9
214,9
215,3
216,7
217,9
218,0
219,7
220,2
221,7
222,9
223,6
224,9
225,9
226,3
227,5
228,2
229,2
230,3
231,1
232,6
233,1
234,8
235,0
236,6
237,9
238,3
239,3
240,1
241,9
242,2
243,8
244,0
245,6
246,7
247,0
248,2
249,6
250,0
251,3
252,6
253,3
254,4
255,0
256,6
257,8
258,8
259,1
260,5
261,1
262,2
263,3
264,0
265,8
266,8
267,4
268,7
269,0
270,2
271,3
272,6
273,5
274,9
275,3
276,9
277,4
278,2
279,5
280,9
281,5
282,3
283,1
284,9
285,9
286,8
287,8
288,2
289,9
290,1
291,6
292,5
293,8
294,1
295,4
296,6
297,0
298,0
299,3
300,6
301,6
302,2
303,8
304,6
305,1
306,2
307,4
308,1
309,6
310,8
311,6
312,0
313,0
314,3
315,0
316,2
317,7
318,5
319,3
320,5
321,5
322,6
323,6
324,6
325,9
326,7
327,4
328,0
329,2
330,4
331,9
332,6
333,6
334,6
335,6
336,3
337,8
338,0
339,7
340,5
341,5
342,0
343,3
344,8
345,3
346,7
347,3
348,8
349,9
350,9
351,1
352,9
353,2
354,3
355,2
356,6
357,3
358,1
359,8
360,9
361,5
362,8
363,0
364,9
365,7
366,7
367,8
368,0
369,4
370,6
371,7
372,8
373,0
374,8
375,7
376,9
377,2
378,8
379,6
380,2
381,9
382,0
383,9
384,2
385,0
386,7
387,6
388,2
389,3
390,1
391,8
392,6
393,5
394,2
395,6
396,2
397,3
398,9
399,9
400,9
401,1
402,7
403,0
404,9
405,4
406,0
407,9
408,8
409,2
410,6
411,9
412,2
413,6
414,1
415,8
416,0
417,1
418,1
419,7
420,4
421,6
422,0
423,3
424,5
425,8
426,5
427,3
428,6
429,0
430,1
431,5
432,5
433,3
434,2
435,7
436,9
437,4
438,3
439,6
440,6
441,2
442,9
443,8
444,5
445,4
446,5
447,0
448,7
449,0
450,7
451,1
452,1
453,4
454,9
455,2
456,2
457,1
458,6
459,8
460,6
461,6
462,1
463,5
464,9
465,4
466,6
467,8
468,4
469,5
470,4
471,5
472,8
473,2
474,3
475,7
476,4
477,0
478,2
479,7
480,9
481,6
482,0
483,4
484,9
485,9
486,9
487,9
488,8
489,0
490,8
491,7
492,0
493,1
494,8
495,8
496,6
497,2
498,2
499,0
500,6
501,6
502,4
503,6
504,1
505,2
506,9
507,7
508,1
509,4
510,0
511,6
512,6
513,1
514,5
515,9
516,8
517,9
518,9
519,8
520,8
521,0
522,0
523,9
524,0
525,5
526,3
527,8
528,0
529,4
530,8
531,8
532,7
533,0
534,6
535,6
536,6
537,3
538,0
539,9
540,9
541,8
542,6
543,6
544,5
545,9
546,0
547,3
548,6
549,5
550,2
551,2
552,0
553,3
554,5
555,2
556,6
557,4
558,4
559,5
560,0
561,7
562,3
563,6
564,4
565,8
566,9
567,7
568,8
569,4
570,6
571,7
572,9
573,6
574,6
575,5
576,8
577,0
578,7
579,1
580,4
581,7
582,0
583,2
584,0
585,0
586,3
587,7
588,8
589,9
590,6
591,1
592,2
593,6
594,0
595,1
596,6
597,5
598,6
599,6
600,0
601,5
602,0
603,3
604,1
605,5
606,1
607,5
608,3
609,9
610,6
611,8
612,8
613,8
614,3
615,8
616,6
617,6
618,8
619,1
620,7
621,4
622,1
623,2
624,5
625,1
626,9
627,4
628,4
629,7
630,9
631,2
632,6
633,8
634,7
635,2
636,9
637,0
638,0
639,7
640,6
641,6
642,8
643,4
644,7
645,9
646,5
647,2
648,2
649,7
650,6
651,6
652,3
653,4
654,3
655,0
656,1
657,1
658,7
659,9
660,8
661,7
662,7
663,6
664,3
665,0
666,5
667,0
668,9
669,2
670,6
671,3
672,3
673,6
674,6
675,3
676,4
677,9
678,6
679,2
680,9
681,6
682,0
683,2
684,9
685,6
686,1
687,7
688,6
689,9
690,3
691,0
692,0
693,7
694,8
695,4
696,8
697,3
698,7
699,7
700,7
701,0
702,6
703,0
704,5
705,4
706,2
707,5
708,8
709,9
710,4
711,8
712,0
713,7
714,5
715,1
716,6
717,7
718,2
719,8
720,9
721,8
722,8
723,1
724,0
725,0
726,1
727,7
728,6
729,5
730,6
731,2
732,7
733,6
734,4
735,4
736,1
737,0
738,1
739,4
740,3
741,5
742,9
743,7
744,1
745,6
746,6
747,6
748,2
749,5
750,9
751,0
752,9
753,1
754,4
755,7
756,6
757,0
758,2
759,1
760,1
761,7
762,7
763,9
764,0
765,2
766,2
767,8
768,3
769,7
770,3
771,9
772,6
773,5
774,0
775,2
776,0
777,5
778,4
779,6
780,4
781,1
782,2
783,3
784,7
785,0
786,6
787,8
788,4
789,9
790,0
791,0
792,0
793,9
794,7
795,7
796,2
797,6
798,5
799,7
800,7
801,7
802,0
803,7
804,7
805,6
806,0
807,6
808,7
809,0
810,5
811,1
812,7
813,4
814,5
815,8
816,1
817,2
818,4
819,2
820,8
821,7
822,0
823,8
824,4
825,6
826,3
827,3
828,6
829,5
830,8
831,5
832,0
833,3
834,4
835,3
836,9
837,7
838,9
839,2
840,7
841,9
842,7
843,2
844,7
845,7
846,6
847,0
848,2
849,4
850,5
851,1
852,8
853,8
854,8
855,0
856,9
857,0
858,7
859,8
860,2
861,5
862,6
863,5
864,0
865,1
866,9
867,5
868,9
869,1
870,4
871,1
872,4
873,8
874,3
875,8
876,6
877,2
878,8
879,7
880,8
881,5
882,0
883,0
884,9
885,0
886,8
887,1
888,0
889,4
890,5
891,2
892,3
893,5
894,4
895,1
896,3
897,5
898,3
899,1
900,2
901,7
902,6
903,5
904,0
905,0
906,9
907,6
908,8
909,5
910,7
911,3
912,4
913,5
914,6
915,9
916,9
917,8
918,8
919,4
920,3
921,9
922,9
923,6
924,1
925,3
926,6
927,3
928,7
929,0
930,4
931,3
932,5
933,6
934,7
935,0
936,2
937,4
938,9
939,1
940,1
941,7
942,7
943,4
944,8
945,0
946,0
947,5
948,4
949,7
950,3
951,9
952,2
953,1
954,4
955,7
956,8
957,1
958,8
959,8
960,7
961,9
962,3
963,6
964,6
965,3
966,0
967,9
968,1
969,8
970,0
971,6
972,2
973,1
974,0
975,8
976,6
977,8
978,1
979,9
980,3
981,8
982,5
983,4
984,7
985,8
986,0
987,1
988,2
989,2
990,1
991,3
992,8
993,3
994,5
995,3
996,9
997,2
998,5
999,8
1000,5
1001,6
1002,8
1003,4
1004,0
1005,1
1006,6
1007,8
1008,4
1009,3
1010,0
1011,8
1012,7
1013,3
1014,2
1015,6
1016,1
1017,5
1018,0
1019,8
1020,1
1021,4
1022,0
1023,8
1024,3
1025,1
1026,6
1027,7
1028,3
1029,6
1030,9
1031,3
1032,2
1033,3
1034,3
1035,6
1036,4
1037,7
1038,2
1039,2
1040,5
1041,3
1042,7
1043,7
1044,8
1045,5
1046,4
1047,8
1048,1
1049,7
1050,5
1051,2
1052,1
1053,5
1054,4
1055,0
1056,3
1057,5
1058,6
1059,2
1060,9
1061,0
1062,1
1063,6
1064,1
1065,9
1066,6
1067,0
1068,9
1069,6
1070,3
1071,6
1072,9
1073,7
1074,3
1075,8
1076,0
1077,0
1078,0
1079,3
1080,6
1081,6
1082,8
1083,2
1084,3
1085,4
1086,7
1087,4
1088,4
1089,6
1090,0
1091,8
1092,6
1093,5
1094,5
1095,6
1096,7
1097,5
1098,4
1099,3
1100,8
1101,0
1102,8
1103,8
1104,8
1105,2
1106,3
1107,7
1108,2
1109,0
1110,2
1111,8
1112,6
1113,8
1114,9
1115,1
1116,3
1117,5
1118,7
1119,7
1120,5
1121,3
1122,8
1123,6
1124,5
1125,6
1126,0
1127,8
1128,1
1129,2
1130,4
1131,9
1132,1
1133,1
1134,1
1135,3
1136,1
1137,7
1138,5
1139,8
1140,6
1141,8
1142,8
1143,6
1144,9
1145,5
1146,4
1147,0
1148,4
1149,7
1150,4
1151,2
1152,0
1153,9
1154,6
1155,7
1156,7
1157,4
1158,1
1159,8
1160,8
1161,6
1162,7
1163,2
1164,8
1165,0
1166,3
1167,2
1168,4
1169,2
1170,3
1171,9
1172,0
1173,0
1174,0
1175,6
1176,2
1177,8
1178,2
1179,3
1180,9
1181,3
1182,9
1183,5
1184,3
1185,1
1186,4
1187,1
1188,0
1189,7
1190,1
1191,1
1192,6
1193,6
1194,0
1195,6
1196,5
1197,0
1198,4
1199,5
1200,0
1201,7
1202,1
1203,8
1204,6
1205,8
1206,1
1207,8
1208,2
1209,7
1210,8
1211,1
1212,1
1213,8
1214,5
1215,7
1216,0
1217,2
1218,8
1219,5
1220,4
1221,0
1222,1
1223,8
1224,7
1225,6
1226,6
1227,9
1228,0
1229,3
1230,5
1231,2
1232,1
1233,0
1234,1
1235,5
1236,5
1237,0
1238,6
1239,3
1240,6
1241,0
1242,1
1243,5
1244,5
1245,8
1246,9
1247,2
1248,2
1249,4
1250,6
1251,5
1252,5
1253,8
1254,0
1255,0
1256,8
1257,5
1258,6
1259,8
1260,7
1261,0
1262,2
1263,0
1264,8
1265,9
1266,8
1267,4
1268,2
1269,6
1270,9
1271,9
1272,2
1273,6
1274,3
1275,2
1276,1
1277,6
1278,2
1279,5
1280,3
1281,8
1282,9
1283,8
1284,3
1285,7
1286,9
1287,8
1288,1
1289,9
1290,3
1291,1
1292,6
1293,7
1294,0
1295,0
1296,3
1297,0
1298,8
1299,9
1300,3
1301,1
1302,4
1303,4
1304,2
1305,8
1306,3
1307,0
1308,6
1309,6
1310,8
1311,8
1312,4
1313,1
1314,1
1315,0
1316,5
1317,9
1318,1
1319,0
1320,7
1321,8
1322,0
1323,8
1324,9
1325,4
1326,3
1327,6
1328,3
1329,4
1330,7
1331,0
1332,1
1333,1
1334,3
1335,8
1336,7
1337,5
1338,6
1339,3
1340,0
1341,4
1342,6
1343,9
1344,6
1345,4
1346,2
1347,3
1348,3
1349,8
1350,6
1351,7
1352,2
1353,7
1354,7
1355,1
1356,7
1357,1
1358,8
1359,9
1360,7
1361,9
1362,5
1363,0
1364,4
1365,0
1366,8
1367,2
1368,0
1369,8
1370,9
1371,1
1372,1
1373,7
1374,0
1375,3
1376,9
1377,3
1378,4
1379,1
1380,5
1381,8
1382,0
1383,3
1384,6
1385,5
1386,3
1387,8
1388,3
1389,4
1390,6
1391,9
1392,2
1393,3
1394,4
1395,5
1396,1
1397,0
1398,8
1399,0
1400,4
1401,2
1402,7
1403,7
1404,1
1405,2
1406,9
1407,8
1408,1
1409,7
1410,8
1411,5
1412,8
1413,9
1414,1
1415,7
1416,1
1417,9
1418,4
1419,8
1420,7
1421,4
1422,8
1423,4
1424,7
1425,3
1426,7
1427,0
1428,7
1429,7
1430,1
1431,4
1432,9
1433,7
1434,8
1435,1
1436,7
1437,8
1438,5
1439,5
1440,8
1441,2
1442,3
1443,6
1444,1
1445,5
1446,0
1447,9
1448,4
1449,6
1450,6
1451,4
1452,3
1453,6
1454,5
1455,0
1456,6
1457,8
1458,7
1459,8
1460,6
1461,0
1462,4
1463,9
1464,9
1465,0
1466,7
1467,1
1468,3
1469,2
1470,2
1471,9
1472,7
1473,7
1474,5
1475,9
1476,3
1477,7
1478,9
1479,9
1480,5
1481,2
1482,0
1483,6
1484,6
1485,8
1486,7
1487,0
1488,8
1489,6
1490,1
1491,6
1492,2
1493,1
1494,5
1495,0
1496,6
1497,5
1498,3
1499,1
1500,1
1501,6
1502,6
1503,2
1504,1
1505,2
1506,7
1507,8
1508,8
1509,1
1510,8
1511,0
1512,8
1513,5
1514,7
1515,3
1516,1
1517,1
1518,3
1519,6
1520,7
1521,7
1522,4
1523,7
1524,6
1525,0
1526,5
1527,9
1528,2
1529,5
1530,9
1531,6
1532,0
1533,7
1534,4
1535,2
1536,9
1537,4
1538,6
1539,2
1540,8
1541,2
1542,5
1543,5
1544,7
1545,9
1546,4
1547,0
1548,5
1549,2
1550,6
1551,6
1552,3
1553,6
1554,4
1555,0
1556,0
1557,8
1558,6
1559,5
1560,7
1561,5
1562,2
1563,9
1564,1
1565,2
1566,2
1567,6
1568,0
1569,1
1570,4
1571,3
1572,6
1573,1
1574,8
1575,2
1576,4
1577,3
1578,6
1579,8
1580,9
1581,9
1582,6
1583,7
1584,5
1585,9
1586,5
1587,0
1588,4
1589,6
1590,0
1591,6
1592,2
1593,3
1594,7
1595,7
1596,2
1597,5
1598,2
1599,5
1600,9
1601,9
1602,1
1603,0
1604,9
1605,2
1606,8
1607,9
1608,5
1609,2
1610,5
1611,3
1612,5
1613,8
1614,1
1615,9
1616,9
1617,0
1618,7
1619,6
1620,3
1621,1
1622,5
1623,4
1624,5
1625,0
1626,9
1627,1
1628,7
1629,0
1630,0
1631,1
1632,8
1633,9
1634,2
1635,7
1636,6
1637,2
1638,0
1639,8
1640,4
1641,4
1642,4
1643,5
1644,5
1645,4
1646,0
1647,7
1648,9
1649,4
1650,5
1651,8
1652,0
1653,9
1654,9
1655,8
1656,2
1657,5
1658,4
1659,8
1660,4
1661,6
1662,3
1663,6
1664,0
1665,6
1666,6
1667,6
1668,9
1669,4
1670,6
1671,9
1672,9
1673,0
1674,2
1675,3
1676,8
1677,1
1678,6
1679,7
1680,6
1681,7
1682,3
1683,8
1684,9
1685,5
1686,0
1687,0
1688,7
1689,9
1690,7
1691,8
1692,9
1693,8
1694,0
1695,9
1696,0
1697,9
1698,2
1699,1
1700,2
1701,1
1702,9
1703,5
1704,3
1705,2
1706,1
1707,9
1708,5
1709,2
1710,6
1711,1
1712,8
1713,9
1714,0
1715,7
1716,1
1717,5
1718,7
1719,0
1720,2
1721,9
1722,6
1723,5
1724,4
1725,8
1726,0
1727,1
1728,9
1729,8
1730,8
1731,6
1732,9
1733,6
1734,5
1735,6
1736,6
1737,5
1738,5
1739,9
1740,9
1741,5
1742,8
1743,1
1744,0
1745,7
1746,7
1747,9
1748,0
1749,2
1750,8
1751,4
1752,5
1753,6
1754,7
1755,1
1756,7
1757,6
1758,2
1759,2
1760,0
1761,1
1762,4
1763,0
1764,7
1765,6
1766,4
1767,2
1768,0
1769,2
1770,4
1771,4
1772,0
1773,5
1774,7
1775,0
1776,0
1777,4
1778,8
1779,5
1780,9
1781,6
1782,3
1783,8
1784,0
1785,0
1786,9
1787,0
1788,6
1789,0
1790,8
1791,7
1792,9
1793,5
1794,5
1795,6
1796,8
1797,9
1798,2
1799,2
1800,0
1801,4
1802,7
1803,6
1804,5
1805,8
1806,1
1807,4
1808,7
1809,8
1810,8
1811,5
1812,2
1813,1
1814,9
1815,1
1816,9
1817,6
1818,5
1819,8
1820,1
1821,6
1822,0
1823,3
1824,9
1825,2
1826,8
1827,4
1828,8
1829,1
1830,6
1831,9
1832,8
1833,8
1834,1
1835,3
1836,2
1837,6
1838,3
1839,7
1840,8
1841,1
1842,4
1843,9
1844,9
1845,7
1846,6
1847,5
1848,3
1849,7
1850,0
1851,0
1852,2
1853,9
1854,5
1855,5
1856,8
1857,5
1858,5
1859,6
1860,8
1861,5
1862,5
1863,6
1864,7
1865,5
1866,8
1867,6
1868,7
1869,0
1870,3
1871,5
1872,0
1873,6
1874,0
1875,0
1876,1
1877,5
1878,7
1879,0
1880,5
1881,1
1882,3
1883,4
1884,4
1885,2
1886,8
1887,5
1888,1
1889,8
1890,5
1891,8
1892,6
1893,1
1894,6
1895,0
1896,9
1897,8
1898,6
1899,7
1900,8
1901,5
1902,2
1903,0
1904,1
1905,7
1906,3
1907,3
1908,3
1909,5
1910,6
1911,6
1912,0
1913,9
1914,9
1915,9
1916,4
1917,8
1918,7
1919,7
1920,2
1921,8
1922,5
1923,1
1924,2
1925,1
1926,0
1927,6
1928,4
1929,3
1930,8
1931,4
1932,0
1933,3
1934,9
1935,6
1936,4
1937,1
1938,0
1939,1
1940,2
1941,0
1942,2
1943,8
1944,2
1945,3
1946,8
1947,9
1948,8
1949,0
1950,3
1951,7
1952,7
1953,4
1954,0
1955,7
1956,7
1957,6
1958,1
1959,0
1960,5
1961,7
1962,6
1963,7
1964,5
1965,0
1966,7
1967,5
1968,8
1969,1
1970,1
1971,3
1972,6
1973,0
1974,6
1975,6
1976,5
1977,3
1978,6
1979,3
1980,9
1981,5
1982,3
1983,9
1984,3
1985,2
1986,6
1987,8
1988,5
1989,6
1990,7
1991,4
1992,6
1993,4
1994,9
1995,2
1996,3
1997,0
1998,3
1999,3
2000,9
2001,6
2002,9
2003,6
2004,5
2005,5
2006,4
2007,8
2008,8
2009,9
2010,1
2011,3
2012,5
2013,9
2014,8
2015,2
2016,6
2017,2
2018,3
2019,7
2020,9
2021,8
2022,2
2023,3
2024,6
2025,4
2026,3
2027,1
2028,7
2029,5
2030,4
2031,1
2032,0
2033,2
2034,6
2035,6
2036,3
2037,7
2038,0
2039,8
2040,8
2041,0
2042,1
2043,8
2044,5
2045,8
2046,3
2047,3
2048,0
2049,6
2050,8
2051,3
2052,8
2053,2
2054,3
2055,4
2056,5
2057,8
2058,8
2059,2
2060,5
2061,5
2062,7
2063,1
2064,9
2065,5
2066,7
2067,4
2068,6
2069,7
2070,6
2071,0
2072,0
2073,2
2074,2
2075,9
2076,3
2077,8
2078,5
2079,0
2080,6
2081,5
2082,0
2083,5
2084,7
2085,2
2086,9
2087,0
2088,5
2089,7
2090,2
2091,1
2092,1
2093,2
2094,3
2095,0
2096,9
2097,2
2098,1
2099,1
2100,6
2101,6
2102,0
2103,1
2104,4
2105,6
2106,1
2107,3
2108,3
2109,0
2110,3
2111,9
2112,1
2113,0
2114,2
2115,5
2116,9
2117,9
2118,0
2119,6
2120,8
2121,3
2122,0
2123,7
2124,0
2125,9
2126,1
2127,2
2128,4
2129,9
2130,0
2131,7
2132,6
2133,6
2134,0
2135,8
2136,3
2137,4
2138,4
2139,8
2140,1
2141,4
2142,9
2143,9
2144,2
2145,2
2146,4
2147,5
2148,0
2149,6
2150,9
2151,5
2152,7
2153,8
2154,7
2155,8
2156,8
2157,6
2158,9
2159,7
2160,0
2161,2
2162,8
2163,7
2164,1
2165,0
2166,4
2167,5
2168,3
2169,4
2170,2
2171,3
2172,2
2173,3
2174,9
2175,3
2176,1
2177,5
2178,9
2179,0
2180,4
2181,0
2182,4
2183,4
2184,9
2185,9
2186,0
2187,3
2188,9
2189,2
2190,8
2191,6
2192,3
2193,5
2194,8
2195,2
2196,0
2197,6
2198,9
2199,6
2200,8
2201,5
2202,7
2203,4
2204,9
2205,2
2206,9
2207,3
2208,4
2209,4
2210,2
2211,7
2212,2
2213,6
2214,4
2215,4
2216,5
2217,8
2218,4
2219,7
2220,1
2221,2
2222,4
2223,0
2224,4
2225,7
2226,6
2227,0
2228,9
2229,4
2230,7
2231,0
2232,3
2233,2
2234,7
2235,2
2236,4
2237,6
2238,7
2239,7
2240,9
2241,0
2242,5
2243,5
2244,8
2245,0
2246,1
2247,2
2248,9
2249,0
2250,9
2251,2
2252,2
2253,7
2254,1
2255,5
2256,4
2257,8
2258,1
2259,5
2260,4
2261,3
2262,4
2263,6
2264,5
2265,8
2266,8
2267,6
2268,1
2269,4
2270,2
2271,8
2272,2
2273,2
2274,1
2275,4
2276,9
2277,5
2278,9
2279,9
2280,8
2281,5
2282,9
2283,6
2284,0
2285,2
2286,4
2287,5
2288,2
2289,1
2290,1
2291,5
2292,3
2293,1
2294,1
2295,9
2296,9
2297,7
2298,0
2299,6
2300,3
2301,5
2302,2
2303,6
2304,7
2305,2
2306,3
2307,7
2308,1
2309,3
2310,5
2311,7
2312,6
2313,4
2314,2
2315,2
2316,2
2317,5
2318,2
2319,0
2320,8
2321,1
2322,0
2323,1
2324,0
2325,8
2326,7
2327,7
2328,7
2329,4
2330,0
2331,5
2332,2
2333,6
2334,9
2335,4
2336,9
2337,7
2338,3
2339,6
2340,7
2341,8
2342,6
2343,4
2344,8
2345,5
2346,1
2347,8
2348,0
2349,0
2350,5
2351,4
2352,3
2353,6
2354,9
2355,7
2356,8
2357,5
2358,7
2359,7
2360,2
2361,8
2362,5
2363,6
2364,2
2365,4
2366,7
2367,4
2368,2
2369,1
2370,8
2371,8
2372,5
2373,0
2374,8
2375,0
2376,8
2377,4
2378,1
2379,1
2380,8
2381,5
2382,1
2383,0
2384,4
2385,8
2386,3
2387,3
2388,8
2389,6
2390,1
2391,1
2392,4
2393,1
2394,4
2395,0
2396,9
2397,7
2398,0
2399,8
2400,0
2401,5
2402,9
2403,4
2404,1
2405,6
2406,4
2407,9
2408,2
2409,4
2410,3
2411,8
2412,9
2413,9
2414,3
2415,3
2416,9
2417,5
2418,8
2419,5
2420,5
2421,6
2422,5
2423,3
2424,0
2425,9
2426,0
2427,3
2428,6
2429,8
2430,3
2431,0
2432,8
2433,1
2434,0
2435,4
2436,6
2437,5
2438,8
2439,9
2440,8
2441,3
2442,6
2443,0
2444,3
2445,6
2446,6
2447,0
2448,2
2449,2
2450,1
2451,8
2452,8
2453,2
2454,8
2455,6
2456,0
2457,6
2458,8
2459,5
2460,9
2461,0
2462,1
2463,5
2464,6
2465,9
2466,7
2467,8
2468,8
2469,7
2470,7
2471,8
2472,1
2473,7
2474,2
2475,6
2476,8
2477,1
2478,5
2479,7
2480,8
2481,7
2482,9
2483,6
2484,1
2485,3
2486,4
2487,5
2488,3
2489,7
2490,0
2491,9
2492,8
2493,9
2494,5
2495,3
2496,9
2497,0
2498,5
2499,6
2500,4
2501,4
2502,8
2503,8
2504,6
2505,9
2506,2
2507,0
2508,4
2509,7
2510,4
2511,3
2512,2
2513,6
2514,3
2515,6
2516,3
2517,9
2518,7
2519,7
2520,8
2521,2
2522,8
2523,5
2524,3
2525,0
2526,4
2527,8
2528,8
2529,8
2530,3
2531,2
2532,1
2533,0
2534,9
2535,5
2536,5
2537,8
2538,2
2539,9
2540,4
2541,1
2542,5
2543,0
2544,5
2545,0
2546,8
2547,2
2548,7
2549,6
2550,7
2551,6
2552,1
2553,8
2554,3
2555,9
2556,6
2557,2
2558,2
2559,7
2560,7
2561,6
2562,2
2563,0
2564,2
2565,5
2566,7
2567,3
2568,7
2569,0
2570,5
2571,1
2572,2
2573,4
2574,9
2575,4
2576,4
2577,2
2578,5
2579,0
2580,6
2581,4
2582,7
2583,7
2584,3
2585,3
2586,3
2587,0
2588,6
2589,0
2590,9
2591,2
2592,5
2593,8
2594,9
2595,6
2596,0
2597,2
2598,3
2599,0
2600,8
2601,7
2602,6
2603,7
2604,9
2605,4
2606,3
2607,5
2608,2
2609,3
2610,2
2611,3
2612,0
2613,6
2614,0
2615,7
2616,1
2617,2
2618,3
2619,0
2620,1
2621,8
2622,0
2623,5
2624,5
2625,2
2626,7
2627,2
2628,8
2629,5
2630,6
2631,4
2632,6
2633,4
2634,7
2635,4
2636,1
2637,4
2638,5
2639,4
2640,3
2641,6
2642,2
2643,3
2644,8
2645,1
2646,3
2647,8
2648,2
2649,3
2650,8
2651,0
2652,7
2653,0
2654,6
2655,2
2656,9
2657,1
2658,1
2659,8
2660,5
2661,6
2662,2
2663,7
2664,4
2665,1
2666,3
2667,1
2668,0
2669,6
2670,9
2671,1
2672,0
2673,3
2674,0
2675,2
2676,6
2677,8
2678,3
2679,9
2680,0
2681,0
2682,3
2683,5
2684,3
2685,7
2686,7
2687,8
2688,3
2689,6
2690,5
2691,2
2692,9
2693,1
2694,1
2695,2
2696,7
2697,8
2698,3
2699,4
2700,0
2701,9
2702,4
2703,0
2704,8
2705,0
2706,7
2707,5
2708,3
2709,6
2710,7
2711,0
2712,8
2713,8
2714,8
2715,0
2716,6
2717,2
2718,1
2719,5
2720,3
2721,6
2722,6
2723,8
2724,0
2725,8
2726,5
2727,9
2728,7
2729,5
2730,6
2731,5
2732,7
2733,3
2734,5
2735,6
2736,8
2737,0
2738,3
2739,2
2740,2
2741,6
2742,2
2743,9
2744,1
2745,8
2746,6
2747,3
2748,9
2749,0
2750,4
2751,4
2752,6
2753,2
2754,6
2755,7
2756,7
2757,7
2758,9
2759,3
2760,6
2761,7
2762,7
2763,4
2764,1
2765,9
2766,4
2767,0
2768,4
2769,1
2770,0
2771,4
2772,6
2773,1
2774,4
2775,7
2776,7
2777,5
2778,7
2779,1
2780,7
2781,8
2782,4
2783,0
2784,9
2785,2
2786,7
2787,2
2788,6
2789,1
2790,8
2791,7
2792,0
2793,9
2794,0
2795,1
2796,7
2797,4
2798,5
2799,9
2800,4
2801,5
2802,3
2803,2
2804,2
2805,4
2806,9
2807,6
2808,3
2809,4
2810,6
2811,2
2812,0
2813,1
2814,8
2815,7
2816,3
2817,6
2818,6
2819,1
2820,6
2821,0
2822,5
2823,5
2824,4
2825,6
2826,7
2827,5
2828,2
2829,6
2830,6
2831,3
2832,3
2833,0
2834,4
2835,9
2836,9
2837,0
2838,0
2839,4
2840,2
2841,2
2842,7
2843,5
2844,1
2845,2
2846,6
2847,5
2848,9
2849,6
2850,5
2851,6
2852,6
2853,9
2854,6
2855,3
2856,3
2857,2
2858,7
2859,1
2860,6
2861,3
2862,6
2863,4
2864,5
2865,6
2866,6
2867,3
2868,0
2869,8
2870,8
2871,3
2872,1
2873,9
2874,9
2875,8
2876,8
2877,8
2878,3
2879,0
2880,4
2881,5
2882,6
2883,2
2884,7
2885,1
2886,6
2887,9
2888,5
2889,5
2890,9
2891,2
2892,0
2893,8
2894,6
2895,5
2896,8
2897,3
2898,6
2899,4
2900,5
2901,0
2902,9
2903,0
2904,0
2905,0
2906,1
2907,9
2908,7
2909,8
2910,0
2911,1
2912,5
2913,0
2914,2
2915,5
2916,1
2917,4
2918,3
2919,8
2920,2
2921,8
2922,2
2923,5
2924,1
2925,6
2926,9
2927,8
2928,1
2929,1
2930,5
2931,1
2932,9
2933,2
2934,9
2935,8
2936,5
2937,3
2938,2
2939,6
2940,1
2941,5
2942,3
2943,1
2944,1
2945,7
2946,1
2947,1
2948,0
2949,3
2950,1
2951,0
2952,3
2953,8
2954,9
2955,5
2956,0
2957,8
2958,8
2959,8
2960,0
2961,7
2962,8
2963,8
2964,8
2965,7
2966,9
2967,7
2968,0
2969,4
2970,3
2971,4
2972,9
2973,0
2974,1
2975,4
2976,0
2977,6
2978,2
2979,0
2980,3
2981,6
2982,4
2983,3
2984,4
2985,9
2986,0
2987,3
2988,7
2989,4
2990,3
2991,3
2992,0
2993,0
2994,8
2995,2
2996,8
2997,5
2998,5
2999,4
3000,5
3001,1
3002,2
3003,0
3004,5
3005,0
3006,3
3007,2
3008,8
3009,7
3010,6
3011,6
3012,8
3013,5
3014,8
3015,6
3016,4
3017,5
3018,5
3019,0
3020,5
3021,8
3022,9
3023,8
3024,0
3025,2
3026,7
3027,1
3028,1
3029,9
3030,1
3031,5
3032,5
3033,1
3034,4
3035,6
3036,9
3037,8
3038,3
3039,8
3040,7
3041,4
3042,5
3043,9
3044,3
3045,3
3046,8
3047,6
3048,0
3049,3
3050,0
3051,8
3052,2
3053,4
3054,7
3055,6
3056,2
3057,6
3058,1
3059,8
3060,5
3061,8
3062,9
3063,8
3064,9
3065,3
3066,9
3067,2
3068,0
3069,2
3070,3
3071,1
3072,5
3073,5
3074,1
3075,3
3076,6
3077,4
3078,8
3079,0
3080,7
3081,9
3082,7
3083,3
3084,3
3085,6
3086,9
3087,0
3088,3
3089,8
3090,3
3091,3
3092,4
3093,5
3094,0
3095,7
3096,7
3097,9
3098,2
3099,9
3100,0
3101,7
3102,8
3103,6
3104,7
3105,1
3106,0
3107,5
3108,5
3109,7
3110,7
3111,8
3112,3
3113,4
3114,7
3115,5
3116,4
3117,9
3118,4
3119,6
3120,5
3121,1
3122,1
3123,8
3124,6
3125,5
3126,9
3127,7
3128,9
3129,6
3130,5
3131,2
3132,8
3133,9
3134,7
3135,3
3136,4
3137,5
3138,8
3139,2
3140,1
3141,9
3142,7
3143,5
3144,5
3145,2
3146,3
3147,7
3148,8
3149,9
3150,1
3151,9
3152,1
3153,1
3154,0
3155,8
3156,9
3157,9
3158,9
3159,4
3160,6
3161,0
3162,6
3163,3
3164,4
3165,7
3166,1
3167,0
3168,9
3169,9
3170,5
3171,1
3172,8
3173,8
3174,2
3175,1
3176,7
3177,0
3178,2
3179,6
3180,8
3181,9
3182,8
3183,5
3184,0
3185,3
3186,9
3187,7
3188,4
3189,8
3190,3
3191,2
3192,2
3193,0
3194,3
3195,7
3196,3
3197,6
3198,0
3199,3
3200,4
3201,6
3202,5
3203,4
3204,5
3205,8
3206,0
3207,4
3208,1
3209,8
3210,9
3211,9
3212,6
3213,9
3214,9
3215,1
3216,0
3217,7
3218,3
3219,6
3220,4
3221,3
3222,4
3223,7
3224,6
3225,9
3226,0
3227,2
3228,5
3229,5
3230,5
3231,8
3232,7
3233,1
3234,7
3235,5
3236,1
3237,9
3238,6
3239,1
3240,0
3241,7
3242,3
3243,8
3244,7
3245,7
3246,7
3247,5
3248,0
3249,6
3250,2
3251,3
3252,4
3253,8
3254,2
3255,4
3256,4
3257,3
3258,3
3259,3
3260,7
3261,0
3262,0
3263,1
3264,9
3265,8
3266,7
3267,5
3268,5
3269,9
3270,0
3271,1
3272,7
3273,3
3274,9
3275,2
3276,2
3277,7
3278,8
3279,9
3280,5
3281,3
3282,9
3283,2
3284,5
3285,9
3286,2
3287,4
3288,9
3289,8
3290,5
3291,5
3292,2
3293,1
3294,0
3295,9
3296,6
3297,4
3298,3
3299,7
3300,4
3301,3
3302,8
3303,8
3304,6
3305,9
3306,6
3307,9
3308,9
3309,2
3310,4
3311,4
3312,5
3313,2
3314,1
3315,3
3316,7
3317,7
3318,8
3319,2
3320,2
3321,2
3322,5
3323,8
3324,1
3325,9
3326,4
3327,7
3328,2
3329,5
3330,8
3331,8
3332,7
3333,2
3334,6
3335,7
3336,9
3337,7
3338,7
3339,2
3340,3
3341,1
3342,8
3343,8
3344,8
3345,7
3346,1
3347,0
3348,9
3349,6
3350,8
3351,1
3352,2
3353,5
3354,5
3355,0
3356,3
3357,6
3358,9
3359,3
3360,6
3361,7
3362,1
3363,6
3364,4
3365,9
3366,8
3367,7
3368,9
3369,2
3370,1
3371,2
3372,1
3373,5
3374,9
3375,6
3376,3
3377,5
3378,2
3379,5
3380,8
3381,5
3382,5
3383,9
3384,5
3385,8
3386,2
3387,3
3388,3
3389,1
3390,3
3391,3
3392,6
3393,5
3394,6
3395,9
3396,0
3397,2
3398,8
3399,0
3400,6
3401,4
3402,4
3403,0
3404,5
3405,7
3406,7
3407,9
3408,6
3409,1
3410,4
3411,5
3412,2
3413,1
3414,7
3415,2
3416,0
3417,2
3418,1
3419,6
3420,3
3421,7
3422,5
3423,8
3424,5
3425,0
3426,0
3427,5
3428,1
3429,0
3430,8
3431,4
3432,5
3433,4
3434,5
3435,6
3436,2
3437,7
3438,9
3439,5
3440,6
3441,0
3442,3
3443,2
3444,0
3445,3
3446,6
3447,4
3448,6
3449,5
3450,5
3451,5
3452,3
3453,4
3454,0
3455,3
3456,5
3457,0
3458,3
3459,1
3460,1
3461,5
3462,9
3463,3
3464,9
3465,5
3466,5
3467,0
3468,2
3469,1
3470,8
3471,9
3472,2
3473,6
3474,2
3475,0
3476,0
3477,1
3478,3
3479,3
3480,4
3481,7
3482,5
3483,0
3484,4
3485,8
3486,6
3487,5
3488,1
3489,1
3490,0
3491,5
3492,6
3493,5
3494,1
3495,4
3496,2
3497,2
3498,3
3499,0
3500,2
3501,9
3502,8
3503,7
3504,9
3505,7
3506,3
3507,2
3508,3
3509,7
3510,7
3511,8
3512,6
3513,6
3514,7
3515,8
3516,0
3517,9
3518,5
3519,5
3520,1
3521,8
3522,2
3523,2
3524,4
3525,3
3526,6
3527,7
3528,7
3529,3
3530,6
3531,5
3532,5
3533,4
3534,5
3535,5
3536,0
3537,1
3538,7
3539,7
3540,2
3541,2
3542,9
3543,6
3544,8
3545,4
3546,5
3547,9
3548,0
3549,9
3550,4
3551,0
3552,0
3553,8
3554,1
3555,6
3556,6
3557,1
3558,5
3559,4
3560,9
3561,5
3562,0
3563,3
3564,8
3565,1
3566,0
3567,3
3568,8
3569,6
3570,5
3571,5
3572,3
3573,6
3574,2
3575,6
3576,6
3577,1
3578,3
3579,9
3580,6
3581,6
3582,6
3583,1
3584,3
3585,8
3586,8
3587,0
3588,6
3589,7
3590,7
3591,6
3592,7
3593,7
3594,1
3595,4
3596,6
3597,6
3598,2
3599,7
3600,6
3601,6
3602,9
3603,6
3604,0
3605,4
3606,8
3607,2
3608,0
3609,9
3610,3
3611,1
3612,1
3613,5
3614,7
3615,1
3616,2
3617,5
3618,8
3619,1
3620,7
3621,0
3622,3
3623,3
3624,7
3625,0
3626,9
3627,4
3628,9
3629,4
3630,8
3631,2
3632,9
3633,3
3634,1
3635,4
3636,3
3637,6
3638,9
3639,7
3640,2
3641,8
3642,1
3643,8
3644,9
3645,1
3646,9
3647,1
3648,7
3649,5
3650,0
3651,0
3652,8
3653,7
3654,5
3655,2
3656,3
3657,7
3658,4
3659,6
3660,0
3661,1
3662,4
3663,1
3664,6
3665,7
3666,3
3667,5
3668,4
3669,3
3670,9
3671,7
3672,8
3673,7
3674,3
3675,2
3676,1
3677,8
3678,1
3679,8
3680,5
3681,2
3682,1
3683,5
3684,9
3685,2
3686,8
3687,9
3688,7
3689,7
3690,5
3691,9
3692,9
3693,8
3694,2
3695,5
3696,4
3697,5
3698,8
3699,9
3700,5
3701,1
3702,2
3703,6
3704,7
3705,8
3706,4
3707,6
3708,5
3709,5
3710,7
3711,4
3712,6
3713,5
3714,2
3715,4
3716,6
3717,3
3718,8
3719,3
3720,3
3721,1
3722,7
3723,9
3724,6
3725,7
3726,3
3727,9
3728,3
3729,9
3730,1
3731,6
3732,9
3733,8
3734,7
3735,2
3736,0
3737,2
3738,9
3739,7
3740,8
3741,2
3742,1
3743,5
3744,4
3745,1
3746,6
3747,9
3748,6
3749,3
3750,9
3751,7
3752,1
3753,3
3754,8
3755,2
3756,6
3757,0
3758,6
3759,6
3760,4
3761,0
3762,5
3763,8
3764,0
3765,0
3766,7
3767,6
3768,1
3769,9
3770,1
3771,0
3772,9
3773,3
3774,4
3775,6
3776,9
3777,7
3778,2
3779,2
3780,4
3781,2
3782,0
3783,7
3784,5
3785,4
3786,5
3787,7
3788,7
3789,3
3790,4
3791,7
3792,0
3793,5
3794,0
3795,7
3796,5
3797,3
3798,5
3799,8
3800,0
3801,8
3802,9
3803,8
3804,2
3805,9
3806,1
3807,8
3808,5
3809,4
3810,3
3811,7
3812,1
3813,8
3814,1
3815,7
3816,4
3817,8
3818,9
3819,3
3820,0
3821,1
3822,1
3823,0
3824,6
3825,0
3826,6
3827,6
3828,0
3829,0
3830,5
3831,5
3832,7
3833,9
3834,4
3835,3
3836,9
3837,9
3838,1
3839,5
3840,5
3841,9
3842,8
3843,7
3844,5
3845,0
3846,9
3847,8
3848,0
3849,2
3850,9
3851,2
3852,2
3853,3
3854,1
3855,1
3856,1
3857,9
3858,8
3859,0
3860,7
3861,8
3862,4
3863,0
3864,9
3865,7
3866,0
3867,5
3868,2
3869,9
3870,4
3871,1
3872,5
3873,9
3874,6
3875,1
3876,7
3877,4
3878,5
3879,4
3880,6
3881,7
3882,1
3883,5
3884,3
3885,3
3886,8
3887,3
3888,1
3889,6
3890,4
3891,3
3892,6
3893,7
3894,9
3895,9
3896,2
3897,0
3898,1
3899,2
3900,0
3901,2
3902,9
3903,8
3904,1
3905,2
3906,2
3907,7
3908,2
3909,2
3910,7
3911,9
3912,8
3913,7
3914,4
3915,2
3916,9
3917,8
3918,3
3919,4
3920,9
3921,9
3922,2
3923,3
3924,0
3925,1
3926,9
3927,2
3928,3
3929,3
3930,1
3931,5
3932,8
3933,5
3934,3
3935,7
3936,6
3937,7
3938,8
3939,9
3940,4
3941,4
3942,2
3943,0
3944,9
3945,6
3946,8
3947,7
3948,8
3949,6
3950,8
3951,1
3952,6
3953,4
3954,7
3955,0
3956,5
3957,7
3958,9
3959,2
3960,2
3961,9
3962,4
3963,2
3964,8
3965,0
3966,6
3967,6
3968,0
3969,2
3970,6
3971,0
3972,7
3973,3
3974,8
3975,7
3976,3
3977,6
3978,6
3979,9
3980,9
3981,3
3982,9
3983,3
3984,6
3985,7
3986,4
3987,2
3988,6
3989,6
3990,2
3991,6
3992,7
3993,5
3994,8
3995,1
3996,7
3997,2
3998,3
3999,9
4000,7
4001,4
4002,8
4003,0
4004,1
4005,6
4006,8
4007,6
4008,8
4009,2
4010,7
4011,1
4012,6
4013,6
4014,9
4015,1
4016,6
4017,6
4018,9
4019,9
4020,9
4021,7
4022,6
4023,3
4024,8
4025,4
4026,8
4027,4
4028,8
4029,4
4030,1
4031,3
4032,6
4033,5
4034,4
4035,5
4036,8
4037,5
4038,8
4039,9
4040,0
4041,7
4042,8
4043,3
4044,2
4045,7
4046,3
4047,4
4048,2
4049,4
4050,6
4051,3
4052,4
4053,6
4054,8
4055,1
4056,1
4057,0
4058,6
4059,1
4060,3
4061,5
4062,0
4063,7
4064,7
4065,7
4066,2
4067,9
4068,8
4069,2
4070,9
4071,6
4072,5
4073,6
4074,2
4075,5
4076,7
4077,3
4078,9
4079,8
4080,1
4081,9
4082,5
4083,9
4084,7
4085,7
4086,8
4087,8
4088,7
4089,5
4090,4
4091,8
4092,4
4093,5
4094,5
4095,4
4096,8
4097,6
4098,0
4099,6
4100,7
4101,7
4102,4
4103,8
4104,0
4105,9
4106,8
4107,4
4108,3
4109,3
4110,2
4111,1
4112,5
4113,0
4114,6
4115,0
4116,2
4117,9
4118,2
4119,5
4120,0
4121,3
4122,9
4123,0
4124,8
4125,2
4126,1
4127,2
4128,1
4129,1
4130,3
4131,6
4132,4
4133,1
4134,3
4135,2
4136,4
4137,7
4138,6
4139,1
4140,2
4141,1
4142,8
4143,1
4144,1
4145,0
4146,4
4147,4
4148,1
4149,9
4150,6
4151,6
4152,2
4153,0
4154,7
4155,6
4156,3
4157,2
4158,4
4159,4
4160,5
4161,3
4162,1
4163,3
4164,3
4165,8
4166,4
4167,6
4168,8
4169,9
4170,5
4171,0
4172,5
4173,5
4174,2
4175,3
4176,5
4177,0
4178,7
4179,3
4180,0
4181,5
4182,1
4183,7
4184,6
4185,2
4186,7
4187,0
4188,6
4189,0
4190,7
4191,9
4192,7
4193,0
4194,8
4195,3
4196,8
4197,2
4198,0
4199,0
4200,5
4201,1
4202,3
4203,6
4204,6
4205,7
4206,9
4207,1
4208,3
4209,7
4210,3
4211,4
4212,3
4213,4
4214,2
4215,8
4216,2
4217,6
4218,9
4219,0
4220,0
4221,5
4222,8
4223,8
4224,7
4225,6
4226,0
4227,5
4228,0
4229,8
4230,2
4231,7
4232,5
4233,4
4234,4
4235,9
4236,1
4237,1
4238,1
4239,6
4240,7
4241,2
4242,2
4243,6
4244,2
4245,1
4246,4
4247,3
4248,8
4249,6
4250,4
4251,5
4252,7
4253,1
4254,8
4255,9
4256,8
4257,3
4258,7
4259,6
4260,9
4261,8
4262,6
4263,7
4264,4
4265,1
4266,5
4267,9
4268,7
4269,4
4270,0
4271,0
4272,7
4273,0
4274,1
4275,5
4276,1
4277,5
4278,1
4279,0
4280,0
4281,2
4282,4
4283,6
4284,1
4285,6
4286,0
4287,9
4288,1
4289,9
4290,2
4291,0
4292,1
4293,9
4294,3
4295,0
4296,1
4297,9
4298,9
4299,4
4300,8
4301,6
4302,3
4303,6
4304,5
4305,0
4306,3
4307,2
4308,0
4309,2
4310,4
4311,7
4312,2
4313,2
4314,8
4315,2
4316,8
4317,8
4318,1
4319,6
4320,9
4321,8
4322,4
4323,5
4324,9
4325,2
4326,7
4327,1
4328,0
4329,6
4330,9
4331,6
4332,2
4333,7
4334,1
4335,9
4336,9
4337,5
4338,1
4339,7
4340,0
4341,1
4342,8
4343,5
4344,4
4345,5
4346,3
4347,8
4348,8
4349,0
4350,4
4351,8
4352,3
4353,4
4354,9
4355,1
4356,0
4357,5
4358,5
4359,8
4360,6
4361,0
4362,4
4363,1
4364,7
4365,9
4366,3
4367,2
4368,6
4369,7
4370,8
4371,1
4372,9
4373,8
4374,0
4375,5
4376,5
4377,7
4378,8
4379,6
4380,9
4381,7
4382,7
4383,6
4384,5
4385,9
4386,4
4387,0
4388,2
4389,8
4390,5
4391,8
4392,2
4393,5
4394,5
4395,7
4396,8
4397,8
4398,3
4399,4
4400,6
4401,1
4402,2
4403,3
4404,4
4405,6
4406,9
4407,3
4408,4
4409,8
4410,6
4411,6
4412,7
4413,6
4414,6
4415,0
4416,6
4417,9
4418,1
4419,0
4420,5
4421,1
4422,5
4423,4
4424,1
4425,1
4426,0
4427,4
4428,8
4429,2
4430,8
4431,8
4432,4
4433,1
4434,0
4435,3
4436,4
4437,1
4438,3
4439,1
4440,6
4441,1
4442,9
4443,4
4444,8
4445,5
4446,5
4447,9
4448,6
4449,1
4450,8
4451,4
4452,2
4453,8
4454,6
4455,8
4456,9
4457,3
4458,3
4459,1
4460,8
4461,0
4462,5
4463,2
4464,5
4465,6
4466,1
4467,6
4468,9
4469,3
4470,9
4471,5
4472,6
4473,6
4474,7
4475,0
4476,5
4477,2
4478,3
4479,7
4480,9
4481,1
4482,4
4483,0
4484,4
4485,7
4486,8
4487,3
4488,4
4489,7
4490,3
4491,2
4492,8
4493,5
4494,0
4495,4
4496,9
4497,8
4498,8
4499,9
4500,6
4501,2
4502,7
4503,3
4504,0
4505,4
4506,1
4507,4
4508,0
4509,7
4510,8
4511,6
4512,0
4513,5
4514,9
4515,0
4516,9
4517,0
4518,0
4519,9
4520,6
4521,2
4522,4
4523,2
4524,2
4525,0
4526,2
4527,5
4528,6
4529,4
4530,0
4531,4
4532,1
4533,0
4534,6
4535,6
4536,9
4537,3
4538,5
4539,8
4540,9
4541,4
4542,4
4543,4
4544,7
4545,5
4546,0
4547,5
4548,2
4549,9
4550,6
4551,5
4552,3
4553,3
4554,4
4555,4
4556,2
4557,0
4558,0
4559,5
4560,1
4561,3
4562,2
4563,7
4564,4
4565,6
4566,0
4567,4
4568,8
4569,6
4570,3
4571,7
4572,7
4573,4
4574,1
4575,3
4576,4
4577,1
4578,5
4579,5
4580,2
4581,2
4582,1
4583,4
4584,0
4585,2
4586,0
4587,7
4588,0
4589,4
4590,2
4591,0
4592,7
4593,6
4594,8
4595,0
4596,4
4597,9
4598,1
4599,9
4600,4
4601,1
4602,9
4603,6
4604,4
4605,2
4606,6
4607,7
4608,6
4609,9
4610,6
4611,1
4612,7
4613,1
4614,7
4615,4
4616,4
4617,1
4618,6
4619,0
4620,3
4621,9
4622,2
4623,5
4624,4
4625,2
4626,5
4627,7
4628,2
4629,7
4630,5
4631,5
4632,0
4633,9
4634,5
4635,7
4636,1
4637,6
4638,7
4639,4
4640,2
4641,4
4642,4
4643,2
4644,4
4645,3
4646,3
4647,0
4648,6
4649,8
4650,6
4651,8
4652,3
4653,6
4654,7
4655,1
4656,9
4657,7
4658,1
4659,7
4660,7
4661,3
4662,6
4663,1
4664,8
4665,3
4666,4
4667,0
4668,6
4669,2
4670,8
4671,6
4672,2
4673,8
4674,6
4675,3
4676,9
4677,7
4678,0
4679,5
4680,6
4681,1
4682,1
4683,2
4684,1
4685,6
4686,8
4687,8
4688,7
4689,1
4690,2
4691,6
4692,9
4693,2
4694,0
4695,8
4696,3
4697,7
4698,6
4699,5
4700,5
4701,0
4702,6
4703,4
4704,9
4705,5
4706,7
4707,9
4708,3
4709,1
4710,7
4711,9
4712,4
4713,8
4714,6
4715,9
4716,9
4717,4
4718,5
4719,9
4720,8
4721,1
4722,5
4723,9
4724,8
4725,9
4726,8
4727,9
4728,9
4729,5
4730,4
4731,4
4732,3
4733,1
4734,4
4735,8
4736,3
4737,9
4738,0
4739,3
4740,6
4741,8
4742,8
4743,3
4744,1
4745,0
4746,6
4747,4
4748,1
4749,7
4750,0
4751,6
4752,1
4753,9
4754,1
4755,9
4756,6
4757,4
4758,2
4759,0
4760,7
4761,9
4762,9
4763,5
4764,0
4765,5
4766,9
4767,4
4768,6
4769,8
4770,9
4771,8
4772,5
4773,1
4774,6
4775,2
4776,5
4777,7
4778,6
4779,9
4780,0
4781,3
4782,4
4783,4
4784,8
4785,3
4786,5
4787,9
4788,6
4789,9
4790,9
4791,9
4792,8
4793,2
4794,6
4795,0
4796,9
4797,5
4798,0
4799,0
4800,9
4801,7
4802,0
4803,8
4804,3
4805,9
4806,1
4807,8
4808,7
4809,0
4810,3
4811,2
4812,8
4813,8
4814,4
4815,9
4816,6
4817,1
4818,2
4819,5
4820,2
4821,5
4822,1
4823,8
4824,8
4825,1
4826,4
4827,1
4828,2
4829,5
4830,6
4831,1
4832,6
4833,6
4834,5
4835,1
4836,9
4837,7
4838,9
4839,7
4840,2
4841,1
4842,8
4843,3
4844,2
4845,0
4846,8
4847,7
4848,1
4849,1
4850,9
4851,9
4852,4
4853,7
4854,0
4855,1
4856,7
4857,6
4858,4
4859,6
4860,5
4861,0
4862,2
4863,1
4864,0
4865,6
4866,9
4867,1
4868,2
4869,0
4870,8
4871,4
4872,1
4873,3
4874,7
4875,1
4876,0
4877,6
4878,6
4879,6
4880,2
4881,8
4882,6
4883,6
4884,6
4885,2
4886,5
4887,4
4888,5
4889,7
4890,1
4891,6
4892,7
4893,9
4894,6
4895,1
4896,7
4897,0
4898,6
4899,6
4900,3
4901,0
4902,4
4903,1
4904,9
4905,7
4906,3
4907,5
4908,3
4909,0
4910,1
4911,1
4912,1
4913,1
4914,3
4915,5
4916,6
4917,2
4918,2
4919,8
4920,7
4921,6
4922,0
4923,1
4924,3
4925,9
4926,1
4927,1
4928,0
4929,8
4930,0
4931,8
4932,9
4933,3
4934,2
4935,5
4936,2
4937,1
4938,9
4939,0
4940,6
4941,3
4942,5
4943,3
4944,0
4945,3
4946,2
4947,3
4948,1
4949,0
4950,5
4951,2
4952,1
4953,0
4954,0
4955,8
4956,4
4957,6
4958,4
4959,9
4960,6
4961,8
4962,1
4963,3
4964,2
4965,2
4966,9
4967,5
4968,0
4969,1
4970,5
4971,1
4972,7
4973,9
4974,0
4975,5
4976,9
4977,1
4978,2
4979,6
4980,9
4981,0
4982,9
4983,5
4984,9
4985,2
4986,9
4987,2
4988,3
4989,6
4990,2
4991,0
4992,1
4993,8
4994,7
4995,3
4996,2
4997,3
4998,6
4999,6
5000,7
5001,6
5002,8
5003,7
5004,4
5005,4
5006,7
5007,3
5008,7
5009,8
5010,0
5011,3
5012,3
5013,2
5014,9
5015,2
5016,6
5017,8
5018,0
5019,1
5020,1
5021,0
5022,2
5023,2
5024,8
5025,1
5026,6
5027,0
5028,3
5029,6
5030,4
5031,0
5032,0
5033,5
5034,0
5035,5
5036,0
5037,8
5038,7
5039,6
5040,2
5041,1
5042,4
5043,0
5044,6
5045,9
5046,0
5047,5
5048,9
5049,7
5050,1
5051,9
5052,6
5053,5
5054,9
5055,0
5056,1
5057,4
5058,0
5059,2
5060,6
5061,9
5062,2
5063,9
5064,5
5065,0
5066,4
5067,1
5068,5
5069,9
5070,8
5071,1
5072,7
5073,8
5074,1
5075,5
5076,3
5077,0
5078,8
5079,6
5080,7
5081,8
5082,6
5083,9
5084,5
5085,6
5086,4
5087,1
5088,5
5089,3
5090,1
5091,2
5092,9
5093,8
5094,0
5095,8
5096,0
5097,2
5098,1
5099,2
5100,3
5101,5
5102,7
5103,9
5104,9
5105,7
5106,6
5107,0
5108,9
5109,7
5110,8
5111,6
5112,6
5113,6
5114,7
5115,5
5116,6
5117,5
5118,2
5119,0
5120,8
5121,5
5122,6
5123,9
5124,0
5125,1
5126,2
5127,8
5128,3
5129,6
5130,7
5131,6
5132,2
5133,6
5134,6
5135,3
5136,9
5137,9
5138,8
5139,3
5140,0
5141,5
5142,8
5143,9
5144,0
5145,4
5146,4
5147,3
5148,3
5149,6
5150,2
5151,9
5152,9
5153,4
5154,2
5155,5
5156,8
5157,6
5158,4
5159,6
5160,9
5161,3
5162,0
5163,5
5164,8
5165,1
5166,8
5167,2
5168,7
5169,2
5170,9
5171,4
5172,7
5173,4
5174,3
5175,6
5176,1
5177,6
5178,5
5179,3
5180,1
5181,9
5182,8
5183,2
5184,5
5185,9
5186,8
5187,4
5188,8
5189,0
5190,0
5191,4
5192,1
5193,6
5194,3
5195,6
5196,8
5197,9
5198,0
5199,6
5200,3
5201,8
5202,9
5203,6
5204,3
5205,0
5206,0
5207,7
5208,4
5209,7
5210,3
5211,3
5212,3
5213,3
5214,8
5215,9
5216,6
5217,1
5218,3
5219,6
5220,0
5221,7
5222,5
5223,8
5224,0
5225,0
5226,3
5227,7
5228,3
5229,3
5230,8
5231,2
5232,5
5233,1
5234,2
5235,6
5236,9
5237,6
5238,2
5239,0
5240,0
5241,6
5242,0
5243,1
5244,2
5245,0
5246,2
5247,7
5248,9
5249,8
5250,7
5251,5
5252,7
5253,2
5254,9
5255,1
5256,0
5257,2
5258,6
5259,6
5260,0
5261,9
5262,4
5263,1
5264,7
5265,5
5266,3
5267,6
5268,3
5269,2
5270,1
5271,5
5272,5
5273,5
5274,2
5275,7
5276,1
5277,1
5278,9
5279,0
5280,8
5281,6
5282,4
5283,2
5284,3
5285,9
5286,8
5287,7
5288,6
5289,2
5290,3
5291,1
5292,6
5293,7
5294,8
5295,7
5296,4
5297,6
5298,5
5299,7
5300,1
5301,7
5302,0
5303,3
5304,1
5305,2
5306,6
5307,1
5308,1
5309,8
5310,0
5311,5
5312,5
5313,1
5314,2
5315,9
5316,7
5317,4
5318,0
5319,7
5320,3
5321,6
5322,6
5323,1
5324,9
5325,0
5326,3
5327,2
5328,8
5329,8
5330,6
5331,2
5332,9
5333,8
5334,6
5335,4
5336,3
5337,5
5338,8
5339,0
5340,2
5341,5
5342,0
5343,5
5344,3
5345,6
5346,8
5347,0
5348,5
5349,9
5350,5
5351,3
5352,5
5353,9
5354,8
5355,8
5356,7
5357,8
5358,4
5359,2
5360,9
5361,9
5362,1
5363,7
5364,7
5365,6
5366,6
5367,6
5368,5
5369,2
5370,3
5371,1
5372,8
5373,6
5374,8
5375,1
5376,5
5377,8
5378,3
5379,3
5380,9
5381,3
5382,0
5383,5
5384,6
5385,2
5386,1
5387,2
5388,5
5389,6
5390,1
5391,1
5392,0
5393,7
5394,1
5395,0
5396,9
5397,8
5398,8
5399,6
5400,0
5401,8
5402,4
5403,4
5404,4
5405,0
5406,7
5407,7
5408,9
5409,3
5410,4
5411,6
5412,3
5413,5
5414,4
5415,4
5416,1
5417,9
5418,9
5419,4
5420,6
5421,3
5422,8
5423,6
5424,3
5425,7
5426,5
5427,1
5428,7
5429,6
5430,7
5431,1
5432,9
5433,5
5434,5
5435,8
5436,6
5437,2
5438,6
5439,1
5440,9
5441,5
5442,2
5443,6
5444,9
5445,7
5446,1
5447,5
5448,9
5449,1
5450,1
5451,6
5452,7
5453,0
5454,0
5455,1
5456,7
5457,8
5458,8
5459,6
5460,6
5461,3
5462,6
5463,5
5464,4
5465,7
5466,8
5467,0
5468,1
5469,9
5470,6
5471,6
5472,9
5473,5
5474,1
5475,0
5476,6
5477,9
5478,5
5479,6
5480,1
5481,7
5482,7
5483,1
5484,7
5485,8
5486,2
5487,6
5488,9
5489,9
5490,3
5491,7
5492,7
5493,7
5494,8
5495,4
5496,6
5497,2
5498,5
5499,3
5500,9
5501,1
5502,6
5503,8
5504,6
5505,4
5506,2
5507,6
5508,9
5509,1
5510,4
5511,6
5512,8
5513,6
5514,0
5515,0
5516,2
5517,1
5518,8
5519,6
5520,6
5521,1
5522,6
5523,6
5524,8
5525,4
5526,8
5527,4
5528,7
5529,0
5530,1
5531,8
5532,3
5533,2
5534,6
5535,5
5536,5
5537,3
5538,1
5539,7
5540,7
5541,7
5542,8
5543,0
5544,1
5545,6
5546,4
5547,8
5548,9
5549,6
5550,6
5551,0
5552,5
5553,2
5554,8
5555,3
5556,1
5557,5
5558,4
5559,3
5560,5
5561,3
5562,2
5563,9
5564,6
5565,3
5566,9
5567,3
5568,7
5569,1
5570,5
5571,7
5572,9
5573,1
5574,7
5575,3
5576,3
5577,4
5578,6
5579,9
5580,6
5581,5
5582,5
5583,0
5584,0
5585,1
5586,8
5587,8
5588,3
5589,4
5590,4
5591,3
5592,5
5593,9
5594,9
5595,2
5596,9
5597,3
5598,1
5599,4
5600,9
5601,0
5602,6
5603,4
5604,1
5605,1
5606,9
5607,1
5608,9
5609,0
5610,9
5611,0
5612,8
5613,5
5614,8
5615,3
5616,6
5617,5
5618,8
5619,1
5620,4
5621,9
5622,6
5623,8
5624,1
5625,5
5626,5
5627,3
5628,9
5629,3
5630,2
5631,3
5632,9
5633,4
5634,2
5635,7
5636,0
5637,7
5638,4
5639,1
5640,0
5641,5
5642,2
5643,5
5644,5
5645,5
5646,8
5647,3
5648,8
5649,0
5650,6
5651,4
5652,0
5653,5
5654,2
5655,9
5656,2
5657,1
5658,4
5659,5
5660,1
5661,7
5662,2
5663,2
5664,6
5665,0
5666,1
5667,9
5668,7
5669,9
5670,5
5671,6
5672,8
5673,5
5674,9
5675,4
5676,5
5677,7
5678,2
5679,8
5680,1
5681,2
5682,5
5683,6
5684,7
5685,1
5686,4
5687,5
5688,8
5689,3
5690,3
5691,1
5692,5
5693,7
5694,8
5695,7
5696,4
5697,1
5698,5
5699,4
5700,4
5701,5
5702,2
5703,1
5704,4
5705,6
5706,7
5707,0
5708,4
5709,2
5710,6
5711,6
5712,2
5713,5
5714,2
5715,6
5716,0
5717,3
5718,1
5719,6
5720,9
5721,0
5722,8
5723,5
5724,5
5725,5
5726,9
5727,2
5728,7
5729,9
5730,9
5731,6
5732,1
5733,3
5734,2
5735,0
5736,1
5737,8
5738,6
5739,3
5740,4
5741,1
5742,6
5743,6
5744,7
5745,3
5746,7
5747,0
5748,8
5749,3
5750,6
5751,2
5752,7
5753,2
5754,5
5755,3
5756,7
5757,7
5758,1
5759,7
5760,7
5761,6
5762,8
5763,9
5764,7
5765,9
5766,8
5767,9
5768,7
5769,9
5770,8
5771,6
5772,9
5773,3
5774,1
5775,7
5776,3
5777,8
5778,7
5779,9
5780,7
5781,8
5782,7
5783,0
5784,6
5785,4
5786,2
5787,6
5788,0
5789,2
5790,9
5791,8
5792,4
5793,8
5794,0
5795,4
5796,1
5797,1
5798,8
5799,2
5800,7
5801,1
5802,4
5803,1
5804,0
5805,1
5806,8
5807,5
5808,9
5809,3
5810,5
5811,7
5812,5
5813,4
5814,8
5815,2
5816,3
5817,6
5818,7
5819,3
5820,4
5821,0
5822,2
5823,3
5824,9
5825,6
5826,5
5827,8
5828,5
5829,4
5830,3
5831,1
5832,3
5833,2
5834,2
5835,2
5836,2
5837,6
5838,6
5839,6
5840,5
5841,4
5842,5
5843,6
5844,8
5845,2
5846,5
5847,3
5848,5
5849,3
5850,2
5851,1
5852,5
5853,3
5854,3
5855,2
5856,2
5857,8
5858,7
5859,3
5860,0
5861,6
5862,5
5863,4
5864,1
5865,6
5866,4
5867,3
5868,9
5869,3
5870,7
5871,2
5872,4
5873,4
5874,6
5875,1
5876,7
5877,1
5878,2
5879,1
5880,8
5881,5
5882,0
5883,6
5884,4
5885,4
5886,5
5887,1
5888,5
5889,7
5890,6
5891,0
5892,8
5893,0
5894,3
5895,6
5896,1
5897,4
5898,8
5899,1
5900,5
5901,5
5902,9
5903,0
5904,7
5905,1
5906,2
5907,5
5908,7
5909,1
5910,8
5911,6
5912,9
5913,7
5914,1
5915,3
5916,1
5917,2
5918,1
5919,0
5920,3
5921,7
5922,7
5923,0
5924,7
5925,7
5926,8
5927,6
5928,7
5929,4
5930,2
5931,9
5932,4
5933,0
5934,9
5935,6
5936,7
5937,1
5938,9
5939,8
5940,7
5941,8
5942,4
5943,7
5944,3
5945,6
5946,2
5947,5
5948,0
5949,6
5950,9
5951,0
5952,4
5953,5
5954,8
5955,0
5956,2
5957,3
5958,9
5959,0
5960,5
5961,6
5962,7
5963,1
5964,1
5965,7
5966,9
5967,9
5968,0
5969,7
5970,1
5971,1
5972,8
5973,6
5974,0
5975,8
5976,5
5977,6
5978,6
5979,5
5980,9
5981,7
5982,9
5983,7
5984,5
5985,7
5986,9
5987,6
5988,9
5989,8
5990,0
5991,3
5992,7
5993,8
5994,6
5995,8
5996,4
5997,7
5998,5
5999,9
6000,9
6001,9
6002,2
6003,0
6004,7
6005,4
6006,3
6007,6
6008,6
6009,3
6010,4
6011,5
6012,4
6013,3
6014,0
6015,9
6016,6
6017,6
6018,6
6019,6
6020,7
6021,5
6022,0
6023,3
6024,8
6025,4
6026,3
6027,3
6028,8
6029,0
6030,8
6031,5
6032,4
6033,2
6034,0
6035,6
6036,0
6037,3
6038,5
6039,8
6040,1
6041,2
6042,0
6043,2
6044,3
6045,8
6046,2
6047,8
6048,1
6049,8
6050,3
6051,2
6052,8
6053,6
6054,2
6055,0
6056,7
6057,8
6058,7
6059,9
6060,3
6061,0
6062,7
6063,5
6064,5
6065,2
6066,5
6067,1
6068,3
6069,0
6070,9
6071,2
6072,7
6073,3
6074,9
6075,0
6076,7
6077,3
6078,2
6079,3
6080,1
6081,7
6082,0
6083,9
6084,1
6085,7
6086,1
6087,6
6088,6
6089,7
6090,1
6091,8
6092,5
6093,4
6094,4
6095,8
6096,2
6097,5
6098,6
6099,7
6100,1
6101,9
6102,9
6103,3
6104,1
6105,0
6106,2
6107,9
6108,5
6109,4
6110,9
6111,0
6112,5
6113,9
6114,9
6115,8
6116,4
6117,1
6118,8
6119,1
6120,8
6121,2
6122,6
6123,2
6124,2
6125,1
6126,5
6127,2
6128,0
6129,8
6130,1
6131,8
6132,0
6133,0
6134,2
6135,9
6136,2
6137,2
6138,0
6139,9
6140,9
6141,8
6142,1
6143,9
6144,3
6145,3
6146,0
6147,9
6148,2
6149,7
6150,9
6151,6
6152,3
6153,4
6154,0
6155,8
6156,1
6157,4
6158,0
6159,1
6160,4
6161,4
6162,0
6163,5
6164,3
6165,6
6166,1
6167,7
6168,1
6169,8
6170,6
6171,2
6172,1
6173,1
6174,3
6175,6
6176,1
6177,5
6178,5
6179,8
6180,0
6181,8
6182,1
6183,5
6184,2
6185,7
6186,9
6187,9
6188,1
6189,0
6190,1
6191,8
6192,9
6193,9
6194,2
6195,9
6196,0
6197,3
6198,9
6199,4
6200,2
6201,1
6202,5
6203,3
6204,4
6205,0
6206,6
6207,9
6208,8
6209,7
6210,6
6211,8
6212,9
6213,2
6214,5
6215,0
6216,7
6217,8
6218,6
6219,7
6220,7
6221,0
6222,0
6223,7
6224,4
6225,3
6226,3
6227,5
6228,5
6229,4
6230,4
6231,8
6232,6
6233,7
6234,6
6235,3
6236,9
6237,4
6238,0
6239,6
6240,2
6241,4
6242,0
6243,4
6244,0
6245,8
6246,5
6247,4
6248,2
6249,7
6250,6
6251,9
6252,3
6253,6
6254,4
6255,4
6256,9
6257,2
6258,0
6259,5
6260,4
6261,0
6262,8
6263,7
6264,6
6265,4
6266,5
6267,8
6268,5
6269,1
6270,7
6271,4
6272,5
6273,2
6274,5
6275,7
6276,5
6277,5
6278,5
6279,1
6280,3
6281,3
6282,4
6283,3
6284,4
6285,0
6286,0
6287,5
6288,6
6289,9
6290,5
6291,9
6292,2
6293,3
6294,0
6295,8
6296,8
6297,5
6298,2
6299,1
6300,2
6301,1
6302,9
6303,9
6304,0
6305,7
6306,9
6307,3
6308,4
6309,4
6310,5
6311,8
6312,2
6313,9
6314,6
6315,4
6316,7
6317,0
6318,0
6319,9
6320,0
6321,8
6322,7
6323,2
6324,7
6325,7
6326,4
6327,4
6328,0
6329,2
6330,5
6331,0
6332,7
6333,3
6334,1
6335,4
6336,7
6337,9
6338,3
6339,3
6340,0
6341,5
6342,0
6343,8
6344,4
6345,5
6346,8
6347,0
6348,8
6349,0
6350,0
6351,0
6352,7
6353,4
6354,3
6355,7
6356,7
6357,2
6358,9
6359,3
6360,5
6361,8
6362,4
6363,8
6364,8
6365,3
6366,0
6367,2
6368,7
6369,2
6370,5
6371,9
6372,5
6373,6
6374,1
6375,4
6376,8
6377,9
6378,9
6379,1
6380,6
6381,1
6382,3
6383,4
6384,4
6385,5
6386,2
6387,5
6388,1
6389,4
6390,7
6391,4
6392,6
6393,2
6394,8
6395,0
6396,6
6397,3
6398,6
6399,9
6400,5
6401,6
6402,0
6403,2
6404,7
6405,1
6406,9
6407,2
6408,8
6409,8
6410,1
6411,8
6412,4
6413,6
6414,4
6415,4
6416,7
6417,7
6418,0
6419,9
6420,7
6421,4
6422,5
6423,4
6424,0
6425,2
6426,1
6427,2
6428,2
6429,6
6430,7
6431,0
6432,7
6433,3
6434,8
6435,9
6436,8
6437,0
6438,9
6439,5
6440,9
6441,5
6442,3
6443,4
6444,7
6445,6
6446,3
6447,9
6448,7
6449,0
6450,0
6451,7
6452,5
6453,4
6454,7
6455,5
6456,2
6457,2
6458,6
6459,6
6460,3
6461,6
6462,0
6463,8
6464,9
6465,0
6466,0
6467,6
6468,8
6469,9
6470,9
6471,4
6472,0
6473,9
6474,1
6475,2
6476,0
6477,7
6478,9
6479,4
6480,3
6481,1
6482,7
6483,6
6484,8
6485,1
6486,1
6487,6
6488,9
6489,8
6490,8
6491,0
6492,9
6493,1
6494,2
6495,4
6496,7
6497,4
6498,4
6499,9
6500,0
6501,7
6502,6
6503,6
6504,2
6505,2
6506,5
6507,3
6508,0
6509,1
6510,6
6511,1
6512,6
6513,2
6514,2
6515,2
6516,2
6517,9
6518,6
6519,4
6520,6
6521,6
6522,9
6523,6
6524,0
6525,3
6526,1
6527,4
6528,7
6529,2
6530,5
6531,6
6532,3
6533,9
6534,7
6535,9
6536,7
6537,8
6538,9
6539,7
6540,9
6541,9
6542,4
6543,5
6544,0
6545,0
6546,2
6547,6
6548,0
6549,8
6550,1
6551,4
6552,9
6553,6
6554,7
6555,1
6556,3
6557,9
6558,6
6559,4
6560,4
6561,8
6562,8
6563,1
6564,5
6565,6
6566,6
6567,2
6568,3
6569,1
6570,8
6571,6
6572,4
6573,5
6574,9
6575,1
6576,5
6577,1
6578,6
6579,9
6580,0
6581,5
6582,7
6583,0
6584,5
6585,1
6586,6
6587,3
6588,8
6589,6
6590,6
6591,5
6592,5
6593,0
6594,8
6595,3
6596,6
6597,1
6598,9
6599,6
6600,7
6601,8
6602,9
6603,6
6604,5
6605,2
6606,9
6607,4
6608,3
6609,4
6610,8
6611,8
6612,3
6613,8
6614,4
6615,9
6616,0
6617,6
6618,0
6619,9
6620,6
6621,7
6622,4
6623,0
6624,6
6625,6
6626,2
6627,3
6628,5
6629,0
6630,7
6631,2
6632,7
6633,6
6634,0
6635,0
6636,4
6637,9
6638,7
6639,8
6640,1
6641,8
6642,5
6643,1
6644,0
6645,6
6646,0
6647,3
6648,8
6649,9
6650,9
6651,6
6652,2
6653,7
6654,3
6655,1
6656,6
6657,7
6658,3
6659,1
6660,0
6661,4
6662,2
6663,0
6664,4
6665,4
6666,6
6667,7
6668,6
6669,4
6670,3
6671,6
6672,9
6673,6
6674,3
6675,2
6676,1
6677,5
6678,7
6679,1
6680,2
6681,8
6682,4
6683,5
6684,8
6685,6
6686,0
6687,3
6688,0
6689,2
6690,8
6691,0
6692,6
6693,1
6694,4
6695,3
6696,7
6697,2
6698,6
6699,2
6700,6
6701,1
6702,8
6703,6
6704,9
6705,2
6706,3
6707,2
6708,5
6709,3
6710,6
6711,5
6712,0
6713,6
6714,9
6715,6
6716,0
6717,0
6718,8
6719,1
6720,2
6721,4
6722,9
6723,7
6724,9
6725,5
6726,4
6727,7
6728,1
6729,3
6730,8
6731,1
6732,9
6733,5
6734,8
6735,3
6736,3
6737,8
6738,0
6739,0
6740,2
6741,9
6742,0
6743,8
6744,9
6745,4
6746,5
6747,8
6748,2
6749,9
6750,3
6751,8
6752,1
6753,6
6754,1
6755,7
6756,5
6757,4
6758,0
6759,3
6760,5
6761,4
6762,2
6763,3
6764,5
6765,8
6766,8
6767,1
6768,2
6769,5
6770,1
6771,3
6772,0
6773,2
6774,1
6775,0
6776,8
6777,2
6778,3
6779,2
6780,2
6781,6
6782,3
6783,2
6784,9
6785,3
6786,5
6787,5
6788,1
6789,7
6790,3
6791,7
6792,0
6793,5
6794,9
6795,8
6796,3
6797,0
6798,5
6799,9
6800,6
6801,6
6802,7
6803,6
6804,8
6805,3
6806,1
6807,7
6808,0
6809,4
6810,8
6811,8
6812,7
6813,6
6814,8
6815,0
6816,1
6817,1
6818,7
6819,3
6820,1
6821,3
6822,2
6823,5
6824,0
6825,3
6826,4
6827,2
6828,6
6829,9
6830,9
6831,0
6832,0
6833,5
6834,9
6835,3
6836,7
6837,3
6838,7
6839,7
6840,9
6841,1
6842,0
6843,1
6844,7
6845,7
6846,9
6847,8
6848,0
6849,2
6850,3
6851,0
6852,0
6853,1
6854,0
6855,5
6856,3
6857,3
6858,5
6859,2
6860,0
6861,3
6862,6
6863,3
6864,7
6865,4
6866,6
6867,6
6868,1
6869,3
6870,0
6871,7
6872,6
6873,7
6874,7
6875,4
6876,4
6877,8
6878,4
6879,0
6880,4
6881,4
6882,9
6883,2
6884,0
6885,1
6886,7
6887,9
6888,4
6889,1
6890,5
6891,9
6892,5
6893,6
6894,6
6895,6
6896,6
6897,9
6898,1
6899,2
6900,2
6901,9
6902,4
6903,8
6904,1
6905,2
6906,1
6907,5
6908,6
6909,4
6910,7
6911,6
6912,9
6913,3
6914,5
6915,1
6916,6
6917,3
6918,4
6919,2
6920,2
6921,3
6922,4
6923,0
6924,2
6925,3
6926,7
6927,0
6928,2
6929,2
6930,0
6931,5
6932,1
6933,5
6934,6
6935,6
6936,9
6937,0
6938,6
6939,2
6940,9
6941,1
6942,3
6943,4
6944,4
6945,5
6946,3
6947,8
6948,5
6949,3
6950,0
6951,7
6952,8
6953,8
6954,9
6955,1
6956,6
6957,6
6958,0
6959,2
6960,8
6961,3
6962,4
6963,6
6964,5
6965,3
6966,8
6967,3
6968,8
6969,2
6970,0
6971,1
6972,1
6973,2
6974,7
6975,1
6976,4
6977,4
6978,5
6979,6
6980,9
6981,2
6982,9
6983,9
6984,1
6985,9
6986,7
6987,0
6988,5
6989,4
6990,3
6991,0
6992,3
6993,3
6994,5
6995,5
6996,0
6997,3
6998,0
6999,8
7000,8
7001,1
7002,4
7003,7
7004,7
7005,7
7006,7
7007,9
7008,3
7009,5
7010,0
7011,4
7012,7
7013,1
7014,9
7015,3
7016,7
7017,7
7018,0
7019,2
7020,1
7021,1
7022,2
7023,3
7024,1
7025,6
7026,1
7027,3
7028,1
7029,7
7030,2
7031,9
7032,6
7033,8
7034,1
7035,9
7036,5
7037,3
7038,0
7039,6
7040,8
7041,8
7042,0
7043,6
7044,5
7045,3
7046,9
7047,5
7048,8
7049,2
7050,0
7051,5
7052,0
7053,1
7054,5
7055,4
7056,2
7057,6
7058,0
7059,4
7060,8
7061,3
7062,2
7063,6
7064,5
7065,2
7066,5
7067,9
7068,0
7069,7
7070,4
7071,1
7072,9
7073,9
7074,5
7075,9
7076,6
7077,0
7078,5
7079,7
7080,5
7081,1
7082,8
7083,1
7084,5
7085,3
7086,7
7087,8
7088,8
7089,7
7090,2
7091,6
7092,2
7093,2
7094,4
7095,7
7096,1
7097,3
7098,1
7099,5
7100,1
7101,6
7102,8
7103,0
7104,5
7105,6
7106,8
7107,4
7108,4
7109,9
7110,3
7111,6
7112,0
7113,9
7114,8
7115,5
7116,3
7117,1
7118,5
7119,8
7120,4
7121,1
7122,1
7123,6
7124,6
7125,2
7126,8
7127,5
7128,5
7129,1
7130,6
7131,6
7132,6
7133,2
7134,6
7135,4
7136,7
7137,5
7138,8
7139,0
7140,3
7141,3
7142,8
7143,6
7144,8
7145,5
7146,9
7147,2
7148,1
7149,3
7150,3
7151,9
7152,3
7153,0
7154,0
7155,1
7156,1
7157,5
7158,7
7159,6
7160,5
7161,7
7162,3
7163,5
7164,0
7165,0
7166,1
7167,7
7168,3
7169,2
7170,1
7171,3
7172,3
7173,6
7174,3
7175,7
7176,7
7177,2
7178,0
7179,9
7180,6
7181,7
7182,8
7183,6
7184,2
7185,8
7186,8
7187,9
7188,2
7189,8
7190,4
7191,9
7192,5
7193,8
7194,8
7195,8
7196,0
7197,3
7198,0
7199,5
7200,3
7201,8
7202,6
7203,7
7204,4
7205,5
7206,2
7207,3
7208,5
7209,0
7210,6
7211,1
7212,9
7213,7
7214,1
7215,1
7216,2
7217,0
7218,8
7219,0
7220,7
7221,3
7222,4
7223,7
7224,3
7225,8
7226,9
7227,7
7228,0
7229,3
7230,2
7231,8
7232,3
7233,7
7234,6
7235,6
7236,5
7237,2
7238,2
7239,4
7240,0
7241,3
7242,2
7243,8
7244,5
7245,6
7246,0
7247,9
7248,5
7249,9
7250,1
7251,7
7252,8
7253,5
7254,2
7255,6
7256,4
7257,8
7258,6
7259,4
7260,9
7261,0
7262,2
7263,4
7264,2
7265,1
7266,4
7267,3
7268,3
7269,7
7270,1
7271,6
7272,1
7273,8
7274,8
7275,7
7276,1
7277,4
7278,4
7279,5
7280,9
7281,7
7282,1
7283,4
7284,0
7285,1
7286,2
7287,6
7288,7
7289,0
7290,3
7291,3
7292,3
7293,7
7294,2
7295,5
7296,8
7297,1
7298,2
7299,5
7300,5
7301,4
7302,6
7303,0
7304,5
7305,3
7306,4
7307,8
7308,4
7309,1
7310,5
7311,8
7312,3
7313,3
7314,6
7315,8
7316,1
7317,6
7318,4
7319,2
7320,8
7321,2
7322,4
7323,2
7324,0
7325,4
7326,6
7327,4
7328,7
7329,7
7330,4
7331,3
7332,1
7333,2
7334,5
7335,7
7336,4
7337,6
7338,4
7339,6
7340,7
7341,4
7342,3
7343,5
7344,1
7345,6
7346,6
7347,0
7348,6
7349,3
7350,9
7351,6
7352,6
7353,8
7354,0
7355,7
7356,0
7357,6
7358,8
7359,6
7360,6
7361,8
7362,9
7363,1
7364,4
7365,6
7366,2
7367,6
7368,1
7369,5
7370,1
7371,5
7372,8
7373,5
7374,5
7375,9
7376,1
7377,5
7378,5
7379,7
7380,2
7381,4
7382,9
7383,7
7384,5
7385,9
7386,0
7387,1
7388,6
7389,7
7390,8
7391,4
7392,0
7393,5
7394,1
7395,1
7396,8
7397,3
7398,5
7399,1
7400,3
7401,3
7402,0
7403,4
7404,0
7405,7
7406,3
7407,9
7408,3
7409,8
7410,4
7411,6
7412,7
7413,6
7414,0
7415,4
7416,2
7417,5
7418,0
7419,4
7420,2
7421,8
7422,7
7423,6
7424,1
7425,6
7426,7
7427,4
7428,7
7429,1
7430,4
7431,1
7432,7
7433,5
7434,0
7435,1
7436,8
7437,3
7438,5
7439,5
7440,3
7441,9
7442,7
7443,2
7444,5
7445,6
7446,7
7447,0
7448,9
7449,4
7450,8
7451,1
7452,4
7453,4
7454,0
7455,9
7456,2
7457,2
7458,5
7459,9
7460,5
7461,0
7462,4
7463,0
7464,8
7465,0
7466,6
7467,6
7468,8
7469,6
7470,9
7471,0
7472,1
7473,7
7474,7
7475,3
7476,5
7477,7
7478,3
7479,6
7480,3
7481,7
7482,4
7483,1
7484,1
7485,8
7486,8
7487,1
7488,0
7489,6
7490,2
7491,9
7492,5
7493,5
7494,6
7495,7
7496,7
7497,3
7498,2
7499,1
7500,3
7501,9
7502,3
7503,8
7504,5
7505,7
7506,4
7507,3
7508,3
7509,5
7510,3
7511,0
7512,5
7513,9
7514,7
7515,7
7516,1
7517,4
7518,6
7519,3
7520,2
7521,4
7522,1
7523,0
7524,8
7525,8
7526,9
7527,6
7528,5
7529,5
7530,0
7531,3
7532,1
7533,0
7534,3
7535,1
7536,9
7537,2
7538,5
7539,6
7540,5
7541,0
7542,5
7543,9
7544,0
7545,7
7546,9
7547,9
7548,6
7549,5
7550,4
7551,2
7552,9
7553,3
7554,5
7555,1
7556,7
7557,7
7558,7
7559,1
7560,7
7561,1
7562,8
7563,9
7564,8
7565,1
7566,9
7567,7
7568,7
7569,7
7570,1
7571,6
7572,1
7573,1
7574,0
7575,4
7576,8
7577,9
7578,1
7579,3
7580,0
7581,4
7582,3
7583,8
7584,9
7585,6
7586,2
7587,3
7588,6
7589,4
7590,3
7591,6
7592,9
7593,6
7594,7
7595,1
7596,5
7597,9
7598,3
7599,8
7600,2
7601,0
7602,6
7603,9
7604,0
7605,2
7606,2
7607,8
7608,3
7609,3
7610,4
7611,2
7612,9
7613,1
7614,6
7615,3
7616,0
7617,8
7618,3
7619,2
7620,6
7621,8
7622,9
7623,8
7624,4
7625,7
7626,1
7627,3
7628,1
7629,6
7630,9
7631,0
7632,7
7633,6
7634,9
7635,9
7636,7
7637,1
7638,1
7639,1
7640,8
7641,6
7642,9
7643,9
7644,6
7645,0
7646,6
7647,6
7648,4
7649,4
7650,1
7651,4
7652,0
7653,8
7654,3
7655,0
7656,9
7657,8
7658,7
7659,2
7660,6
7661,1
7662,9
7663,4
7664,5
7665,1
7666,7
7667,0
7668,3
7669,7
7670,2
7671,5
7672,6
7673,6
7674,8
7675,2
7676,5
7677,2
7678,8
7679,3
7680,1
7681,0
7682,8
7683,0
7684,2
7685,1
7686,9
7687,5
7688,2
7689,8
7690,6
7691,6
7692,0
7693,7
7694,1
7695,8
7696,0
7697,5
7698,0
7699,9
7700,6
7701,1
7702,4
7703,7
7704,1
7705,5
7706,8
7707,8
7708,2
7709,3
7710,1
7711,5
7712,5
7713,0
7714,5
7715,9
7716,7
7717,2
7718,8
7719,2
7720,5
7721,5
7722,6
7723,6
7724,8
7725,4
7726,6
7727,6
7728,9
7729,9
7730,4
7731,9
7732,7
7733,8
7734,5
7735,0
7736,6
7737,0
7738,7
7739,9
7740,5
7741,0
7742,8
7743,4
7744,5
7745,3
7746,0
7747,4
7748,8
7749,1
7750,4
7751,9
7752,9
7753,9
7754,8
7755,7
7756,7
7757,6
7758,7
7759,1
7760,7
7761,3
7762,7
7763,6
7764,6
7765,8
7766,6
7767,9
7768,8
7769,4
7770,8
7771,0
7772,9
7773,1
7774,0
7775,1
7776,3
7777,6
7778,6
7779,7
7780,8
7781,6
7782,8
7783,5
7784,2
7785,4
7786,9
7787,8
7788,1
7789,3
7790,8
7791,5
7792,7
7793,8
7794,6
7795,2
7796,9
7797,5
7798,5
7799,3
7800,0
7801,2
7802,2
7803,8
7804,5
7805,1
7806,9
7807,5
7808,8
7809,0
7810,6
7811,0
7812,6
7813,0
7814,4
7815,1
7816,1
7817,6
7818,4
7819,5
7820,5
7821,8
7822,6
7823,7
7824,5
7825,9
7826,1
7827,4
7828,0
7829,8
7830,7
7831,6
7832,8
7833,0
7834,6
7835,0
7836,0
7837,7
7838,0
7839,5
7840,1
7841,2
7842,5
7843,0
7844,9
7845,2
7846,3
7847,4
7848,2
7849,0
7850,8
7851,9
7852,4
7853,6
7854,9
7855,7
7856,6
7857,6
7858,2
7859,3
7860,5
7861,4
7862,1
7863,0
7864,1
7865,3
7866,5
7867,9
7868,9
7869,8
7870,6
7871,7
7872,9
7873,0
7874,7
7875,2
7876,1
7877,3
7878,8
7879,6
7880,8
7881,4
7882,7
7883,4
7884,9
7885,5
7886,7
7887,5
7888,7
7889,8
7890,6
7891,6
7892,9
7893,9
7894,1
7895,5
7896,0
7897,7
7898,1
7899,4
7900,6
7901,7
7902,8
7903,5
7904,1
7905,2
7906,7
7907,3
7908,9
7909,0
7910,5
7911,6
7912,5
7913,0
7914,7
7915,5
7916,6
7917,6
7918,3
7919,3
7920,3
7921,4
7922,8
7923,4
7924,3
7925,0
7926,3
7927,7
7928,5
7929,0
7930,0
7931,4
7932,0
7933,3
7934,8
7935,4
7936,1
7937,1
7938,8
7939,2
7940,4
7941,6
7942,1
7943,7
7944,2
7945,6
7946,9
7947,3
7948,1
7949,1
7950,9
7951,4
7952,0
7953,0
7954,8
7955,9
7956,6
7957,9
7958,3
7959,0
7960,0
7961,4
7962,1
7963,5
7964,0
7965,9
7966,1
7967,6
7968,8
7969,1
7970,5
7971,5
7972,9
7973,1
7974,2
7975,7
7976,3
7977,8
7978,5
7979,6
7980,2
7981,5
7982,0
7983,4
7984,1
7985,5
7986,9
7987,7
7988,6
7989,6
7990,0
7991,0
7992,6
7993,6
7994,0
7995,0
7996,7
7997,0
7998,3
7999,6
8000,9
8001,1
8002,6
8003,3
8004,9
8005,9
8006,8
8007,6
8008,0
8009,6
8010,3
8011,8
8012,3
8013,8
8014,6
8015,8
8016,6
8017,0
8018,8
8019,1
8020,6
8021,9
8022,3
8023,3
8024,0
8025,3
8026,9
8027,2
8028,1
8029,7
8030,2
8031,0
8032,1
8033,3
8034,7
8035,1
8036,6
8037,8
8038,6
8039,1
8040,6
8041,7
8042,7
8043,5
8044,1
8045,2
8046,0
8047,9
8048,0
8049,1
8050,5
8051,7
8052,7
8053,1
8054,9
8055,4
8056,9
8057,6
8058,9
8059,5
8060,6
8061,0
8062,4
8063,8
8064,0
8065,9
8066,3
8067,8
8068,1
8069,6
8070,5
8071,6
8072,3
8073,8
8074,9
8075,8
8076,7
8077,1
8078,3
8079,0
8080,5
8081,6
8082,8
8083,7
8084,5
8085,5
8086,7
8087,4
8088,7
8089,9
8090,1
8091,7
8092,8
8093,4
8094,1
8095,2
8096,3
8097,1
8098,1
8099,5
8100,4
8101,8
8102,3
8103,8
8104,2
8105,0
8106,9
8107,1
8108,5
8109,6
8110,9
8111,3
8112,5
8113,3
8114,6
8115,5
8116,9
8117,8
8118,8
8119,2
8120,8
8121,1
8122,3
8123,1
8124,7
8125,9
8126,5
8127,1
8128,3
8129,6
8130,3
8131,5
8132,8
8133,1
8134,3
8135,2
8136,9
8137,0
8138,1
8139,2
8140,6
8141,2
8142,1
8143,1
8144,6
8145,0
8146,9
8147,3
8148,0
8149,9
8150,6
8151,8
8152,0
8153,0
8154,5
8155,7
8156,0
8157,1
8158,5
8159,5
8160,1
8161,7
8162,1
8163,0
8164,6
8165,9
8166,2
8167,9
8168,3
8169,5
8170,3
8171,2
8172,1
8173,8
8174,9
8175,3
8176,7
8177,8
8178,9
8179,4
8180,4
8181,6
8182,9
8183,3
8184,4
8185,0
8186,0
8187,2
8188,7
8189,0
8190,4
8191,6
8192,3
8193,5
8194,9
8195,8
8196,8
8197,8
8198,3
8199,4
8200,6
8201,0
8202,6
8203,5
8204,6
8205,7
8206,9
8207,7
8208,0
8209,4
8210,0
8211,5
8212,3
8213,6
8214,9
8215,1
8216,3
8217,1
8218,6
8219,6
8220,2
8221,7
8222,0
8223,8
8224,3
8225,0
8226,8
8227,1
8228,8
8229,2
8230,0
8231,3
8232,5
8233,4
8234,1
8235,7
8236,8
8237,7
8238,1
8239,1
8240,7
8241,5
8242,7
8243,0
8244,4
8245,5
8246,8
8247,6
8248,2
8249,9
8250,6
8251,6
8252,1
8253,8
8254,0
8255,1
8256,8
8257,6
8258,3
8259,9
8260,3
8261,9
8262,8
8263,7
8264,2
8265,0
8266,2
8267,7
8268,7
8269,8
8270,3
8271,3
8272,5
8273,6
8274,4
8275,6
8276,9
8277,9
8278,0
8279,3
8280,2
8281,3
8282,8
8283,1
8284,2
8285,9
8286,6
8287,0
8288,5
8289,6
8290,7
8291,5
8292,6
8293,3
8294,8
8295,5
8296,5
8297,1
8298,2
8299,3
8300,3
8301,6
8302,5
8303,8
8304,9
8305,6
8306,1
8307,4
8308,5
8309,6
8310,5
8311,8
8312,1
8313,4
8314,5
8315,6
8316,5
8317,3
8318,4
8319,7
8320,3
8321,4
8322,2
8323,9
8324,3
8325,8
8326,6
8327,3
8328,1
8329,8
8330,5
8331,2
8332,8
8333,7
8334,3
8335,6
8336,5
8337,1
8338,6
8339,8
8340,3
8341,3
8342,8
8343,3
8344,2
8345,1
8346,3
8347,1
8348,6
8349,0
8350,9
8351,5
8352,2
8353,7
8354,2
8355,9
8356,1
8357,2
8358,1
8359,2
8360,5
8361,1
8362,9
8363,4
8364,9
8365,9
8366,9
8367,2
8368,6
8369,2
8370,6
8371,4
8372,1
8373,9
8374,5
8375,6
8376,7
8377,8
8378,2
8379,8
8380,9
8381,1
8382,3
8383,6
8384,2
8385,9
8386,5
8387,8
8388,2
8389,5
8390,9
8391,9
8392,6
8393,8
8394,1
8395,1
8396,5
8397,2
8398,4
8399,7
8400,0
8401,6
8402,8
8403,6
8404,2
8405,2
8406,0
8407,8
8408,4
8409,9
8410,6
8411,0
8412,0
8413,7
8414,5
8415,0
8416,2
8417,9
8418,8
8419,0
8420,6
8421,2
8422,4
8423,3
8424,6
8425,4
8426,9
8427,0
8428,5
8429,4
8430,1
8431,9
8432,3
8433,5
8434,9
8435,1
8436,5
8437,7
8438,6
8439,8
8440,3
8441,8
8442,6
8443,4
8444,5
8445,8
8446,5
8447,7
8448,6
8449,4
8450,1
8451,5
8452,4
8453,8
8454,0
8455,1
8456,6
8457,3
8458,5
8459,8
8460,8
8461,5
8462,5
8463,6
8464,6
8465,1
8466,2
8467,3
8468,6
8469,3
8470,1
8471,8
8472,2
8473,7
8474,2
8475,6
8476,6
8477,5
8478,3
8479,6
8480,2
8481,6
8482,9
8483,0
8484,1
8485,0
8486,7
8487,3
8488,7
8489,1
8490,3
8491,9
8492,9
8493,1
8494,3
8495,5
8496,7
8497,4
8498,7
8499,9
8500,4
8501,8
8502,1
8503,8
8504,1
8505,5
8506,9
8507,0
8508,9
8509,9
8510,7
8511,6
8512,1
8513,0
8514,2
8515,8
8516,6
8517,1
8518,9
8519,5
8520,5
8521,9
8522,9
8523,6
8524,6
8525,6
8526,4
8527,7
8528,9
8529,0
8530,0
8531,8
8532,3
8533,6
8534,6
8535,7
8536,7
8537,7
8538,2
8539,7
8540,4
8541,4
8542,1
8543,8
8544,6
8545,4
8546,0
8547,3
8548,6
8549,9
8550,4
8551,8
8552,9
8553,9
8554,0
8555,5
8556,0
8557,5
8558,5
8559,9
8560,6
8561,8
8562,7
8563,5
8564,8
8565,4
8566,8
8567,8
8568,7
8569,7
8570,5
8571,7
8572,0
8573,3
8574,2
8575,1
8576,8
8577,6
8578,5
8579,1
8580,0
8581,9
8582,4
8583,8
8584,9
8585,9
8586,4
8587,7
8588,6
8589,7
8590,0
8591,5
8592,0
8593,8
8594,3
8595,1
8596,1
8597,3
8598,5
8599,4
8600,7
8601,6
8602,4
8603,1
8604,1
8605,4
8606,5
8607,8
8608,1
8609,3
8610,5
8611,2
8612,6
8613,6
8614,8
8615,9
8616,6
8617,4
8618,5
8619,3
8620,3
8621,9
8622,4
8623,7
8624,9
8625,7
8626,5
8627,7
8628,1
8629,9
8630,4
8631,6
8632,9
8633,1
8634,3
8635,6
8636,5
8637,4
8638,0
8639,0
8640,1
8641,2
8642,3
8643,0
8644,9
8645,9
8646,4
8647,2
8648,1
8649,6
8650,5
8651,2
8652,9
8653,1
8654,3
8655,0
8656,7
8657,9
8658,9
8659,4
8660,7
8661,0
8662,1
8663,9
8664,3
8665,6
8666,8
8667,5
8668,5
8669,3
8670,1
8671,3
8672,2
8673,7
8674,1
8675,5
8676,8
8677,5
8678,9
8679,1
8680,9
8681,5
8682,5
8683,7
8684,3
8685,7
8686,9
8687,3
8688,2
8689,6
8690,9
8691,0
8692,4
8693,1
8694,0
8695,4
8696,1
8697,5
8698,6
8699,6
8700,2
8701,1
8702,8
8703,4
8704,8
8705,2
8706,4
8707,8
8708,6
8709,5
8710,7
8711,6
8712,5
8713,8
8714,4
8715,2
8716,2
8717,0
8718,7
8719,2
8720,0
8721,6
8722,5
8723,4
8724,9
8725,8
8726,9
8727,9
8728,6
8729,5
8730,7
8731,1
8732,1
8733,6
8734,2
8735,6
8736,9
8737,5
8738,6
8739,6
8740,4
8741,2
8742,5
8743,0
8744,1
8745,8
8746,2
8747,2
8748,6
8749,3
8750,8
8751,8
8752,9
8753,7
8754,3
8755,5
8756,2
8757,7
8758,9
8759,1
8760,5
8761,0
8762,8
8763,1
8764,1
8765,3
8766,5
8767,7
8768,1
8769,0
8770,4
8771,4
8772,1
8773,2
8774,6
8775,3
8776,5
8777,0
8778,8
8779,7
8780,7
8781,6
8782,2
8783,4
8784,4
8785,0
8786,9
8787,7
8788,2
8789,5
8790,8
8791,5
8792,4
8793,6
8794,5
8795,0
8796,0
8797,1
8798,6
8799,1
8800,0
8801,2
8802,1
8803,1
8804,2
8805,9
8806,5
8807,3
8808,3
8809,5
8810,3
8811,9
8812,0
8813,1
8814,9
8815,2
8816,7
8817,7
8818,9
8819,0
8820,0
8821,2
8822,5
8823,7
8824,2
8825,5
8826,8
8827,6
8828,5
8829,8
8830,9
8831,4
8832,6
8833,3
8834,0
8835,4
8836,4
8837,0
8838,8
8839,6
8840,4
8841,0
8842,6
8843,8
8844,1
8845,2
8846,6
8847,4
8848,7
8849,7
8850,1
8851,0
8852,7
8853,2
8854,1
8855,5
8856,0
8857,8
8858,6
8859,5
8860,2
8861,5
8862,8
8863,4
8864,9
8865,7
8866,1
8867,8
8868,2
8869,5
8870,5
8871,9
8872,8
8873,5
8874,5
8875,3
8876,9
8877,6
8878,8
8879,9
8880,1
8881,3
8882,7
8883,1
8884,0
8885,5
8886,5
8887,2
8888,8
8889,4
8890,8
8891,1
8892,9
8893,3
8894,8
8895,0
8896,8
8897,0
8898,9
8899,4
8900,6
8901,7
8902,6
8903,0
8904,1
8905,8
8906,2
8907,1
8908,8
8909,8
8910,1
8911,8
8912,5
8913,8
8914,4
8915,9
8916,6
8917,9
8918,9
8919,7
8920,5
8921,0
8922,9
8923,6
8924,2
8925,0
8926,4
8927,9
8928,0
8929,1
8930,6
8931,9
8932,2
8933,4
8934,2
8935,8
8936,1
8937,7
8938,1
8939,3
8940,3
8941,0
8942,3
8943,4
8944,5
8945,1
8946,1
8947,4
8948,9
8949,7
8950,9
8951,8
8952,6
8953,9
8954,4
8955,1
8956,8
8957,4
8958,6
8959,6
8960,0
8961,6
8962,9
8963,6
8964,8
8965,7
8966,5
8967,2
8968,6
8969,8
8970,2
8971,3
8972,1
8973,3
8974,2
8975,8
8976,9
8977,9
8978,4
8979,1
8980,9
8981,4
8982,4
8983,5
8984,6
8985,0
8986,3
8987,3
8988,2
8989,2
8990,0
8991,5
8992,5
8993,7
8994,8
8995,9
8996,0
8997,9
8998,9
8999,8
9000,0
9001,1
9002,4
9003,3
9004,0
9005,5
9006,5
9007,0
9008,0
9009,4
9010,6
9011,6
9012,9
9013,7
9014,3
9015,5
9016,1
9017,0
9018,2
9019,9
9020,1
9021,0
9022,3
9023,8
9024,0
9025,5
9026,8
9027,2
9028,8
9029,7
9030,8
9031,1
9032,9
9033,7
9034,4
9035,5
9036,3
9037,9
9038,4
9039,6
9040,4
9041,3
9042,7
9043,9
9044,4
9045,0
9046,8
9047,9
9048,9
9049,7
9050,3
9051,8
9052,0
9053,5
9054,0
9055,6
9056,4
9057,9
9058,3
9059,5
9060,5
9061,5
9062,8
9063,7
9064,2
9065,0
9066,1
9067,9
9068,5
9069,1
9070,4
9071,3
9072,6
9073,6
9074,2
9075,0
9076,2
9077,2
9078,4
9079,6
9080,3
9081,7
9082,6
9083,8
9084,3
9085,9
9086,0
9087,7
9088,6
9089,5
9090,4
9091,7
9092,2
9093,6
9094,2
9095,5
9096,9
9097,2
9098,5
9099,9
9100,5
9101,8
9102,4
9103,1
9104,2
9105,0
9106,6
9107,9
9108,2
9109,3
9110,1
9111,0
9112,6
9113,5
9114,0
9115,0
9116,6
9117,1
9118,4
9119,4
9120,5
9121,3
9122,4
9123,2
9124,2
9125,9
9126,9
9127,9
9128,6
9129,4
9130,3
9131,8
9132,1
9133,0
9134,0
9135,5
9136,6
9137,6
9138,5
9139,5
9140,9
9141,3
9142,0
9143,2
9144,8
9145,9
9146,5
9147,1
9148,5
9149,0
9150,6
9151,8
9152,5
9153,5
9154,0
9155,5
9156,6
9157,6
9158,2
9159,0
9160,5
9161,6
9162,1
9163,2
9164,5
9165,0
9166,9
9167,7
9168,8
9169,8
9170,9
9171,2
9172,2
9173,7
9174,7
9175,1
9176,8
9177,1
9178,1
9179,1
9180,5
9181,0
9182,0
9183,1
9184,7
9185,3
9186,7
9187,7
9188,3
9189,5
9190,4
9191,4
9192,2
9193,4
9194,6
9195,6
9196,0
9197,1
9198,6
9199,1
9200,8
9201,5
9202,7
9203,8
9204,9
9205,4
9206,8
9207,1
9208,8
9209,1
9210,9
9211,7
9212,6
9213,7
9214,9
9215,6
9216,2
9217,0
9218,3
9219,9
9220,8
9221,1
9222,7
9223,1
9224,2
9225,5
9226,6
9227,1
9228,6
9229,8
9230,3
9231,9
9232,1
9233,9
9234,6
9235,0
9236,9
9237,3
9238,0
9239,8
9240,9
9241,6
9242,3
9243,5
9244,7
9245,1
9246,4
9247,9
9248,8
9249,9
9250,3
9251,0
9252,6
9253,0
9254,5
9255,5
9256,0
9257,3
9258,0
9259,7
9260,3
9261,5
9262,9
9263,5
9264,6
9265,8
9266,8
9267,6
9268,6
9269,1
9270,9
9271,1
9272,0
9273,7
9274,8
9275,8
9276,4
9277,1
9278,6
9279,8
9280,0
9281,4
9282,0
9283,9
9284,7
9285,1
9286,7
9287,9
9288,7
9289,5
9290,2
9291,8
9292,7
9293,7
9294,0
9295,5
9296,5
9297,2
9298,8
9299,7
9300,2
9301,6
9302,5
9303,8
9304,3
9305,7
9306,3
9307,7
9308,5
9309,2
9310,3
9311,7
9312,9
9313,9
9314,7
9315,7
9316,5
9317,4
9318,4
9319,2
9320,8
9321,4
9322,2
9323,8
9324,1
9325,2
9326,7
9327,3
9328,5
9329,7
9330,4
9331,7
9332,1
9333,7
9334,7
9335,7
9336,5
9337,3
9338,2
9339,1
9340,1
9341,3
9342,4
9343,8
9344,3
9345,8
9346,4
9347,0
9348,7
9349,9
9350,6
9351,1
9352,3
9353,2
9354,8
9355,8
9356,0
9357,9
9358,8
9359,8
9360,6
9361,9
9362,9
9363,5
9364,5
9365,6
9366,2
9367,9
9368,1
9369,2
9370,8
9371,0
9372,2
9373,1
9374,5
9375,2
9376,0
9377,4
9378,1
9379,7
9380,8
9381,5
9382,9
9383,9
9384,0
9385,5
9386,2
9387,7
9388,5
9389,0
9390,3
9391,9
9392,3
9393,6
9394,0
9395,7
9396,0
9397,5
9398,3
9399,7
9400,2
9401,7
9402,7
9403,2
9404,1
9405,8
9406,6
9407,9
9408,3
9409,9
9410,5
9411,7
9412,8
9413,3
9414,3
9415,1
9416,4
9417,8
9418,1
9419,2
9420,5
9421,1
9422,5
9423,7
9424,2
9425,6
9426,1
9427,1
9428,1
9429,4
9430,5
9431,5
9432,1
9433,5
9434,6
9435,7
9436,1
9437,2
9438,9
9439,0
9440,0
9441,4
9442,2
9443,2
9444,7
9445,2
9446,3
9447,7
9448,3
9449,8
9450,3
9451,8
9452,6
9453,1
9454,5
9455,1
9456,6
9457,1
9458,7
9459,3
9460,3
9461,4
9462,3
9463,8
9464,4
9465,2
9466,3
9467,9
9468,7
9469,9
9470,9
9471,4
9472,8
9473,0
9474,8
9475,4
9476,8
9477,5
9478,7
9479,7
9480,2
9481,2
9482,2
9483,1
9484,9
9485,7
9486,2
9487,1
9488,8
9489,6
9490,8
9491,7
9492,3
9493,8
9494,9
9495,8
9496,1
9497,7
9498,6
9499,0
9500,1
9501,0
9502,6
9503,2
9504,6
9505,7
9506,2
9507,0
9508,9
9509,5
9510,9
9511,1
9512,2
9513,3
9514,4
9515,7
9516,9
9517,6
9518,9
9519,1
9520,9
9521,4
9522,3
9523,8
9524,4
9525,2
9526,9
9527,5
9528,7
9529,8
9530,6
9531,9
9532,8
9533,0
9534,6
9535,2
9536,2
9537,6
9538,9
9539,9
9540,5
9541,2
9542,7
9543,6
9544,0
9545,9
9546,1
9547,4
9548,3
9549,5
9550,6
9551,7
9552,1
9553,7
9554,7
9555,2
9556,6
9557,2
9558,9
9559,9
9560,2
9561,9
9562,2
9563,0
9564,9
9565,0
9566,6
9567,0
9568,8
9569,3
9570,7
9571,6
9572,8
9573,4
9574,5
9575,5
9576,5
9577,8
9578,1
9579,2
9580,5
9581,7
9582,5
9583,0
9584,6
9585,6
9586,3
9587,9
9588,1
9589,5
9590,8
9591,9
9592,1
9593,1
9594,2
9595,7
9596,2
9597,7
9598,9
9599,7
9600,8
9601,8
9602,0
9603,2
9604,9
9605,7
9606,9
9607,7
9608,0
9609,2
9610,8
9611,8
9612,5
9613,4
9614,6
9615,3
9616,4
9617,0
9618,3
9619,8
9620,5
9621,3
9622,7
9623,9
9624,2
9625,0
9626,8
9627,7
9628,9
9629,9
9630,3
9631,3
9632,6
9633,0
9634,1
9635,7
9636,6
9637,2
9638,2
9639,4
9640,2
9641,2
9642,0
9643,8
9644,8
9645,1
9646,1
9647,2
9648,3
9649,5
9650,8
9651,7
9652,8
9653,0
9654,7
9655,8
9656,0
9657,5
9658,9
9659,6
9660,6
9661,4
9662,1
9663,9
9664,0
9665,3
9666,6
9667,9
9668,4
9669,8
9670,9
9671,7
9672,7
9673,1
9674,9
9675,3
9676,0
9677,6
9678,5
9679,6
9680,0
9681,5
9682,5
9683,3
9684,7
9685,2
9686,1
9687,7
9688,1
9689,8
9690,4
9691,1
9692,7
9693,6
9694,3
9695,0
9696,9
9697,0
9698,9
9699,7
9700,0
9701,7
9702,7
9703,1
9704,2
9705,6
9706,9
9707,8
9708,3
9709,0
9710,0
9711,4
9712,8
9713,8
9714,1
9715,3
9716,4
9717,9
9718,9
9719,8
9720,3
9721,6
9722,3
9723,7
9724,0
9725,5
9726,9
9727,6
9728,6
9729,3
9730,7
9731,3
9732,1
9733,7
9734,7
9735,8
9736,8
9737,4
9738,6
9739,1
9740,6
9741,5
9742,1
9743,1
9744,9
9745,3
9746,0
9747,0
9748,9
9749,8
9750,6
9751,1
9752,9
9753,6
9754,7
9755,5
9756,3
9757,0
9758,7
9759,1
9760,7
9761,1
9762,6
9763,1
9764,6
9765,4
9766,0
9767,2
9768,7
9769,0
9770,5
9771,4
9772,3
9773,9
9774,5
9775,8
9776,6
9777,6
9778,3
9779,2
9780,6
9781,3
9782,6
9783,4
9784,0
9785,7
9786,4
9787,0
9788,1
9789,6
9790,0
9791,6
9792,9
9793,8
9794,1
9795,2
9796,1
9797,9
9798,8
9799,4
9800,1
9801,6
9802,0
9803,1
9804,5
9805,0
9806,8
9807,9
9808,8
9809,3
9810,1
9811,7
9812,1
9813,1
9814,8
9815,2
9816,8
9817,8
9818,0
9819,3
9820,8
9821,4
9822,0
9823,8
9824,8
9825,2
9826,0
9827,4
9828,8
9829,7
9830,9
9831,0
9832,4
9833,7
9834,0
9835,7
9836,0
9837,3
9838,1
9839,3
9840,7
9841,0
9842,6
9843,6
9844,2
9845,6
9846,8
9847,0
9848,0
9849,2
9850,4
9851,4
9852,0
9853,2
9854,9
9855,7
9856,5
9857,1
9858,6
9859,5
9860,8
9861,6
9862,7
9863,6
9864,0
9865,1
9866,0
9867,0
9868,1
9869,7
9870,7
9871,1
9872,9
9873,4
9874,5
9875,8
9876,0
9877,2
9878,2
9879,8
9880,7
9881,1
9882,9
9883,7
9884,0
9885,8
9886,4
9887,5
9888,0
9889,8
9890,7
9891,0
9892,3
9893,3
9894,5
9895,5
9896,6
9897,8
9898,0
9899,3
9900,0
9901,6
9902,1
9903,7
9904,0
9905,1
9906,0
9907,2
9908,8
9909,1
9910,3
9911,9
9912,9
9913,7
9914,9
9915,2
9916,0
9917,2
9918,6
9919,2
9920,4
9921,0
9922,6
9923,7
9924,0
9925,9
9926,6
9927,9
9928,5
9929,8
9930,8
9931,8
9932,0
9933,5
9934,4
9935,9
9936,1
9937,0
9938,9
9939,5
9940,6
9941,1
9942,7
9943,8
9944,1
9945,4
9946,0
9947,3
9948,9
9949,6
9950,3
9951,0
9952,5
9953,7
9954,0
9955,8
9956,0
9957,1
9958,1
9959,2
9960,0
9961,9
9962,2
9963,8
9964,0
9965,4
9966,6
9967,3
9968,5
9969,1
9970,2
9971,5
9972,6
9973,8
9974,1
9975,7
9976,7
9977,5
9978,4
9979,8
9980,4
9981,7
9982,6
9983,7
9984,5
9985,3
9986,0
9987,8
9988,1
9989,4
9990,2
9991,0
9992,5
9993,3
9994,5
9995,8
9996,5
9997,3
9998,6
9999,4
